CREATE DATABASE  IF NOT EXISTS `parkingFinder` /*!40100 DEFAULT CHARACTER SET utf8 */;
USE `parkingFinder`;
-- MySQL dump 10.13  Distrib 5.6.19, for osx10.7 (i386)
--
-- Host: localhost    Database: parkingFinder
-- ------------------------------------------------------
-- Server version	5.7.11

/*!40101 SET @OLD_CHARACTER_SET_CLIENT=@@CHARACTER_SET_CLIENT */;
/*!40101 SET @OLD_CHARACTER_SET_RESULTS=@@CHARACTER_SET_RESULTS */;
/*!40101 SET @OLD_COLLATION_CONNECTION=@@COLLATION_CONNECTION */;
/*!40101 SET NAMES utf8 */;
/*!40103 SET @OLD_TIME_ZONE=@@TIME_ZONE */;
/*!40103 SET TIME_ZONE='+00:00' */;
/*!40014 SET @OLD_UNIQUE_CHECKS=@@UNIQUE_CHECKS, UNIQUE_CHECKS=0 */;
/*!40014 SET @OLD_FOREIGN_KEY_CHECKS=@@FOREIGN_KEY_CHECKS, FOREIGN_KEY_CHECKS=0 */;
/*!40101 SET @OLD_SQL_MODE=@@SQL_MODE, SQL_MODE='NO_AUTO_VALUE_ON_ZERO' */;
/*!40111 SET @OLD_SQL_NOTES=@@SQL_NOTES, SQL_NOTES=0 */;

--
-- Table structure for table `City`
--

DROP TABLE IF EXISTS `City`;
/*!40101 SET @saved_cs_client     = @@character_set_client */;
/*!40101 SET character_set_client = utf8 */;
CREATE TABLE `City` (
  `CITY_ID` bigint(20) NOT NULL AUTO_INCREMENT,
  `name` varchar(255) DEFAULT NULL,
  PRIMARY KEY (`CITY_ID`)
) ENGINE=InnoDB AUTO_INCREMENT=2 DEFAULT CHARSET=utf8;
/*!40101 SET character_set_client = @saved_cs_client */;

--
-- Dumping data for table `City`
--

LOCK TABLES `City` WRITE;
/*!40000 ALTER TABLE `City` DISABLE KEYS */;
INSERT INTO `City` VALUES (1,'Новосибирск');
/*!40000 ALTER TABLE `City` ENABLE KEYS */;
UNLOCK TABLES;

--
-- Table structure for table `Parking`
--

DROP TABLE IF EXISTS `Parking`;
/*!40101 SET @saved_cs_client     = @@character_set_client */;
/*!40101 SET character_set_client = utf8 */;
CREATE TABLE `Parking` (
  `PARKING_ID` bigint(20) NOT NULL AUTO_INCREMENT,
  `lastImage` varchar(255) DEFAULT NULL,
  `lastUpdate` datetime DEFAULT NULL,
  `name` varchar(255) DEFAULT NULL,
  `city_CITY_ID` bigint(20) DEFAULT NULL,
  `coordinate_POINT_ID` bigint(20) DEFAULT NULL,
  `source_SOURCE_ID` bigint(20) DEFAULT NULL,
  PRIMARY KEY (`PARKING_ID`),
  KEY `FK33F14B98615A9D02` (`city_CITY_ID`),
  KEY `FK33F14B9815F5E825` (`coordinate_POINT_ID`),
  KEY `FK33F14B98D7B5E7B2` (`source_SOURCE_ID`),
  CONSTRAINT `FK33F14B9815F5E825` FOREIGN KEY (`coordinate_POINT_ID`) REFERENCES `Point` (`POINT_ID`),
  CONSTRAINT `FK33F14B98615A9D02` FOREIGN KEY (`city_CITY_ID`) REFERENCES `City` (`CITY_ID`),
  CONSTRAINT `FK33F14B98D7B5E7B2` FOREIGN KEY (`source_SOURCE_ID`) REFERENCES `Source` (`SOURCE_ID`)
) ENGINE=InnoDB AUTO_INCREMENT=3 DEFAULT CHARSET=utf8;
/*!40101 SET character_set_client = @saved_cs_client */;

--
-- Dumping data for table `Parking`
--

LOCK TABLES `Parking` WRITE;
/*!40000 ALTER TABLE `Parking` DISABLE KEYS */;
INSERT INTO `Parking` VALUES (1,'/resources/images/records/image_1.jpg','2016-02-14 12:04:49','Пересечение Красного проспекта и ул.Ленина',1,490,1),(2,'/resources/images/records/image_2.jpg','2016-02-14 19:50:48','Сибиряков-Гвардейцев, 24',1,665,2);
/*!40000 ALTER TABLE `Parking` ENABLE KEYS */;
UNLOCK TABLES;

--
-- Table structure for table `ParkingArea`
--

DROP TABLE IF EXISTS `ParkingArea`;
/*!40101 SET @saved_cs_client     = @@character_set_client */;
/*!40101 SET character_set_client = utf8 */;
CREATE TABLE `ParkingArea` (
  `PARKING_AREA_ID` bigint(20) NOT NULL AUTO_INCREMENT,
  `freeSpacesNum` int(11) DEFAULT NULL,
  `size` int(11) DEFAULT NULL,
  `center_POINT_ID` bigint(20) DEFAULT NULL,
  PRIMARY KEY (`PARKING_AREA_ID`),
  KEY `FKFCD104454465F9E8` (`center_POINT_ID`),
  CONSTRAINT `FKFCD104454465F9E8` FOREIGN KEY (`center_POINT_ID`) REFERENCES `Point` (`POINT_ID`)
) ENGINE=InnoDB AUTO_INCREMENT=5 DEFAULT CHARSET=utf8;
/*!40101 SET character_set_client = @saved_cs_client */;

--
-- Dumping data for table `ParkingArea`
--

LOCK TABLES `ParkingArea` WRITE;
/*!40000 ALTER TABLE `ParkingArea` DISABLE KEYS */;
INSERT INTO `ParkingArea` VALUES (1,45,50,460),(2,45,50,477),(3,45,50,635),(4,45,50,652);
/*!40000 ALTER TABLE `ParkingArea` ENABLE KEYS */;
UNLOCK TABLES;

--
-- Table structure for table `ParkingArea_Point`
--

DROP TABLE IF EXISTS `ParkingArea_Point`;
/*!40101 SET @saved_cs_client     = @@character_set_client */;
/*!40101 SET character_set_client = utf8 */;
CREATE TABLE `ParkingArea_Point` (
  `ParkingArea_PARKING_AREA_ID` bigint(20) NOT NULL,
  `area_POINT_ID` bigint(20) NOT NULL,
  UNIQUE KEY `area_POINT_ID` (`area_POINT_ID`),
  KEY `FKDDC3C4F632034B0` (`area_POINT_ID`),
  KEY `FKDDC3C4F6CEC7D775` (`ParkingArea_PARKING_AREA_ID`),
  CONSTRAINT `FKDDC3C4F632034B0` FOREIGN KEY (`area_POINT_ID`) REFERENCES `Point` (`POINT_ID`),
  CONSTRAINT `FKDDC3C4F6CEC7D775` FOREIGN KEY (`ParkingArea_PARKING_AREA_ID`) REFERENCES `ParkingArea` (`PARKING_AREA_ID`)
) ENGINE=InnoDB DEFAULT CHARSET=utf8;
/*!40101 SET character_set_client = @saved_cs_client */;

--
-- Dumping data for table `ParkingArea_Point`
--

LOCK TABLES `ParkingArea_Point` WRITE;
/*!40000 ALTER TABLE `ParkingArea_Point` DISABLE KEYS */;
INSERT INTO `ParkingArea_Point` VALUES (1,456),(1,457),(1,458),(1,459),(2,473),(2,474),(2,475),(2,476),(3,631),(3,632),(3,633),(3,634),(4,648),(4,649),(4,650),(4,651);
/*!40000 ALTER TABLE `ParkingArea_Point` ENABLE KEYS */;
UNLOCK TABLES;

--
-- Table structure for table `ParkingArea_Rectangle`
--

DROP TABLE IF EXISTS `ParkingArea_Rectangle`;
/*!40101 SET @saved_cs_client     = @@character_set_client */;
/*!40101 SET character_set_client = utf8 */;
CREATE TABLE `ParkingArea_Rectangle` (
  `ParkingArea_PARKING_AREA_ID` bigint(20) NOT NULL,
  `spaces_RECTANGLE_ID` bigint(20) NOT NULL,
  UNIQUE KEY `spaces_RECTANGLE_ID` (`spaces_RECTANGLE_ID`),
  KEY `FK188F9D5AC0FCDB0` (`spaces_RECTANGLE_ID`),
  KEY `FK188F9D5CEC7D775` (`ParkingArea_PARKING_AREA_ID`),
  CONSTRAINT `FK188F9D5AC0FCDB0` FOREIGN KEY (`spaces_RECTANGLE_ID`) REFERENCES `Rectangle` (`RECTANGLE_ID`),
  CONSTRAINT `FK188F9D5CEC7D775` FOREIGN KEY (`ParkingArea_PARKING_AREA_ID`) REFERENCES `ParkingArea` (`PARKING_AREA_ID`)
) ENGINE=InnoDB DEFAULT CHARSET=utf8;
/*!40101 SET character_set_client = @saved_cs_client */;

--
-- Dumping data for table `ParkingArea_Rectangle`
--

LOCK TABLES `ParkingArea_Rectangle` WRITE;
/*!40000 ALTER TABLE `ParkingArea_Rectangle` DISABLE KEYS */;
INSERT INTO `ParkingArea_Rectangle` VALUES (1,1),(1,2),(1,3),(2,4),(2,5),(2,6),(3,7),(3,8),(3,9),(4,10),(4,11),(4,12);
/*!40000 ALTER TABLE `ParkingArea_Rectangle` ENABLE KEYS */;
UNLOCK TABLES;

--
-- Table structure for table `Parking_ParkingArea`
--

DROP TABLE IF EXISTS `Parking_ParkingArea`;
/*!40101 SET @saved_cs_client     = @@character_set_client */;
/*!40101 SET character_set_client = utf8 */;
CREATE TABLE `Parking_ParkingArea` (
  `Parking_PARKING_ID` bigint(20) NOT NULL,
  `areas_PARKING_AREA_ID` bigint(20) NOT NULL,
  UNIQUE KEY `areas_PARKING_AREA_ID` (`areas_PARKING_AREA_ID`),
  KEY `FKAAE20A1ED82D8EB6` (`areas_PARKING_AREA_ID`),
  KEY `FKAAE20A1EA4B64225` (`Parking_PARKING_ID`),
  CONSTRAINT `FKAAE20A1EA4B64225` FOREIGN KEY (`Parking_PARKING_ID`) REFERENCES `Parking` (`PARKING_ID`),
  CONSTRAINT `FKAAE20A1ED82D8EB6` FOREIGN KEY (`areas_PARKING_AREA_ID`) REFERENCES `ParkingArea` (`PARKING_AREA_ID`)
) ENGINE=InnoDB DEFAULT CHARSET=utf8;
/*!40101 SET character_set_client = @saved_cs_client */;

--
-- Dumping data for table `Parking_ParkingArea`
--

LOCK TABLES `Parking_ParkingArea` WRITE;
/*!40000 ALTER TABLE `Parking_ParkingArea` DISABLE KEYS */;
INSERT INTO `Parking_ParkingArea` VALUES (1,1),(1,2),(2,3),(2,4);
/*!40000 ALTER TABLE `Parking_ParkingArea` ENABLE KEYS */;
UNLOCK TABLES;

--
-- Table structure for table `Point`
--

DROP TABLE IF EXISTS `Point`;
/*!40101 SET @saved_cs_client     = @@character_set_client */;
/*!40101 SET character_set_client = utf8 */;
CREATE TABLE `Point` (
  `POINT_ID` bigint(20) NOT NULL AUTO_INCREMENT,
  `x` double DEFAULT NULL,
  `y` double DEFAULT NULL,
  PRIMARY KEY (`POINT_ID`)
) ENGINE=InnoDB AUTO_INCREMENT=666 DEFAULT CHARSET=utf8;
/*!40101 SET character_set_client = @saved_cs_client */;

--
-- Dumping data for table `Point`
--

LOCK TABLES `Point` WRITE;
/*!40000 ALTER TABLE `Point` DISABLE KEYS */;
INSERT INTO `Point` VALUES (1,35.3,27.9),(2,300,300),(3,250,400),(4,450,200),(5,650,700),(6,1050,200),(7,34.4,23.4),(8,32.64,75.6),(9,34.4,23.4),(10,32.64,75.6),(11,134.4,23.4),(12,132.64,75.6),(13,134.4,23.4),(14,132.64,75.6),(15,234.4,23.4),(16,232.64,75.6),(17,234.4,23.4),(18,232.64,75.6),(19,300,300),(20,750,800),(21,750,600),(22,350,400),(23,50,1000),(24,34.4,123.4),(25,32.64,175.6),(26,34.4,123.4),(27,32.64,175.6),(28,134.4,123.4),(29,132.64,175.6),(30,134.4,23.4),(31,132.64,175.6),(32,234.4,123.4),(33,232.64,175.6),(34,234.4,23.4),(35,232.64,175.6),(36,250,400),(37,450,200),(38,650,700),(39,1050,200),(40,300,300),(41,34.4,23.4),(42,32.64,75.6),(43,34.4,23.4),(44,32.64,75.6),(45,134.4,23.4),(46,132.64,75.6),(47,134.4,23.4),(48,132.64,75.6),(49,234.4,23.4),(50,232.64,75.6),(51,234.4,23.4),(52,232.64,75.6),(53,750,800),(54,750,600),(55,350,400),(56,50,1000),(57,300,300),(58,34.4,123.4),(59,32.64,175.6),(60,34.4,123.4),(61,32.64,175.6),(62,134.4,123.4),(63,132.64,175.6),(64,134.4,23.4),(65,132.64,175.6),(66,234.4,123.4),(67,232.64,175.6),(68,234.4,23.4),(69,232.64,175.6),(70,35.3,27.9),(71,250,400),(72,450,200),(73,650,700),(74,1050,200),(75,300,300),(76,34.4,23.4),(77,32.64,75.6),(78,34.4,23.4),(79,32.64,75.6),(80,134.4,23.4),(81,132.64,75.6),(82,134.4,23.4),(83,132.64,75.6),(84,234.4,23.4),(85,232.64,75.6),(86,234.4,23.4),(87,232.64,75.6),(88,750,800),(89,750,600),(90,350,400),(91,50,1000),(92,300,300),(93,34.4,123.4),(94,32.64,175.6),(95,34.4,123.4),(96,32.64,175.6),(97,134.4,123.4),(98,132.64,175.6),(99,134.4,23.4),(100,132.64,175.6),(101,234.4,123.4),(102,232.64,175.6),(103,234.4,23.4),(104,232.64,175.6),(105,35.3,27.9),(106,250,400),(107,450,200),(108,650,700),(109,1050,200),(110,300,300),(111,34.4,23.4),(112,32.64,75.6),(113,34.4,23.4),(114,32.64,75.6),(115,134.4,23.4),(116,132.64,75.6),(117,134.4,23.4),(118,132.64,75.6),(119,234.4,23.4),(120,232.64,75.6),(121,234.4,23.4),(122,232.64,75.6),(123,750,800),(124,750,600),(125,350,400),(126,50,1000),(127,300,300),(128,34.4,123.4),(129,32.64,175.6),(130,34.4,123.4),(131,32.64,175.6),(132,134.4,123.4),(133,132.64,175.6),(134,134.4,23.4),(135,132.64,175.6),(136,234.4,123.4),(137,232.64,175.6),(138,234.4,23.4),(139,232.64,175.6),(140,35.3,27.9),(141,250,400),(142,450,200),(143,650,700),(144,1050,200),(145,300,300),(146,34.4,23.4),(147,32.64,75.6),(148,34.4,23.4),(149,32.64,75.6),(150,134.4,23.4),(151,132.64,75.6),(152,134.4,23.4),(153,132.64,75.6),(154,234.4,23.4),(155,232.64,75.6),(156,234.4,23.4),(157,232.64,75.6),(158,750,800),(159,750,600),(160,350,400),(161,50,1000),(162,300,300),(163,34.4,123.4),(164,32.64,175.6),(165,34.4,123.4),(166,32.64,175.6),(167,134.4,123.4),(168,132.64,175.6),(169,134.4,23.4),(170,132.64,175.6),(171,234.4,123.4),(172,232.64,175.6),(173,234.4,23.4),(174,232.64,175.6),(175,35.3,27.9),(176,250,400),(177,450,200),(178,650,700),(179,1050,200),(180,300,300),(181,34.4,23.4),(182,32.64,75.6),(183,34.4,23.4),(184,32.64,75.6),(185,134.4,23.4),(186,132.64,75.6),(187,134.4,23.4),(188,132.64,75.6),(189,234.4,23.4),(190,232.64,75.6),(191,234.4,23.4),(192,232.64,75.6),(193,750,800),(194,750,600),(195,350,400),(196,50,1000),(197,300,300),(198,34.4,123.4),(199,32.64,175.6),(200,34.4,123.4),(201,32.64,175.6),(202,134.4,123.4),(203,132.64,175.6),(204,134.4,23.4),(205,132.64,175.6),(206,234.4,123.4),(207,232.64,175.6),(208,234.4,23.4),(209,232.64,175.6),(210,35.3,27.9),(211,250,400),(212,450,200),(213,650,700),(214,1050,200),(215,300,300),(216,34.4,23.4),(217,32.64,75.6),(218,34.4,23.4),(219,32.64,75.6),(220,134.4,23.4),(221,132.64,75.6),(222,134.4,23.4),(223,132.64,75.6),(224,234.4,23.4),(225,232.64,75.6),(226,234.4,23.4),(227,232.64,75.6),(228,750,800),(229,750,600),(230,350,400),(231,50,1000),(232,300,300),(233,34.4,123.4),(234,32.64,175.6),(235,34.4,123.4),(236,32.64,175.6),(237,134.4,123.4),(238,132.64,175.6),(239,134.4,23.4),(240,132.64,175.6),(241,234.4,123.4),(242,232.64,175.6),(243,234.4,23.4),(244,232.64,175.6),(245,35.3,27.9),(246,250,400),(247,450,200),(248,650,700),(249,1050,200),(250,300,300),(251,34.4,23.4),(252,32.64,75.6),(253,34.4,23.4),(254,32.64,75.6),(255,134.4,23.4),(256,132.64,75.6),(257,134.4,23.4),(258,132.64,75.6),(259,234.4,23.4),(260,232.64,75.6),(261,234.4,23.4),(262,232.64,75.6),(263,750,800),(264,750,600),(265,350,400),(266,50,1000),(267,300,300),(268,34.4,123.4),(269,32.64,175.6),(270,34.4,123.4),(271,32.64,175.6),(272,134.4,123.4),(273,132.64,175.6),(274,134.4,23.4),(275,132.64,175.6),(276,234.4,123.4),(277,232.64,175.6),(278,234.4,23.4),(279,232.64,175.6),(280,35.3,27.9),(281,250,400),(282,450,200),(283,650,700),(284,1050,200),(285,300,300),(286,34.4,23.4),(287,32.64,75.6),(288,34.4,23.4),(289,32.64,75.6),(290,134.4,23.4),(291,132.64,75.6),(292,134.4,23.4),(293,132.64,75.6),(294,234.4,23.4),(295,232.64,75.6),(296,234.4,23.4),(297,232.64,75.6),(298,750,800),(299,750,600),(300,350,400),(301,50,1000),(302,300,300),(303,34.4,123.4),(304,32.64,175.6),(305,34.4,123.4),(306,32.64,175.6),(307,134.4,123.4),(308,132.64,175.6),(309,134.4,23.4),(310,132.64,175.6),(311,234.4,123.4),(312,232.64,175.6),(313,234.4,23.4),(314,232.64,175.6),(315,35.3,27.9),(316,250,400),(317,450,200),(318,650,700),(319,1050,200),(320,300,300),(321,34.4,23.4),(322,32.64,75.6),(323,34.4,23.4),(324,32.64,75.6),(325,134.4,23.4),(326,132.64,75.6),(327,134.4,23.4),(328,132.64,75.6),(329,234.4,23.4),(330,232.64,75.6),(331,234.4,23.4),(332,232.64,75.6),(333,750,800),(334,750,600),(335,350,400),(336,50,1000),(337,300,300),(338,34.4,123.4),(339,32.64,175.6),(340,34.4,123.4),(341,32.64,175.6),(342,134.4,123.4),(343,132.64,175.6),(344,134.4,23.4),(345,132.64,175.6),(346,234.4,123.4),(347,232.64,175.6),(348,234.4,23.4),(349,232.64,175.6),(350,35.3,27.9),(351,250,400),(352,450,200),(353,650,700),(354,1050,200),(355,300,300),(356,34.4,23.4),(357,32.64,75.6),(358,34.4,23.4),(359,32.64,75.6),(360,134.4,23.4),(361,132.64,75.6),(362,134.4,23.4),(363,132.64,75.6),(364,234.4,23.4),(365,232.64,75.6),(366,234.4,23.4),(367,232.64,75.6),(368,750,800),(369,750,600),(370,350,400),(371,50,1000),(372,300,300),(373,34.4,123.4),(374,32.64,175.6),(375,34.4,123.4),(376,32.64,175.6),(377,134.4,123.4),(378,132.64,175.6),(379,134.4,23.4),(380,132.64,175.6),(381,234.4,123.4),(382,232.64,175.6),(383,234.4,23.4),(384,232.64,175.6),(385,35.3,27.9),(386,250,400),(387,450,200),(388,650,700),(389,1050,200),(390,300,300),(391,34.4,23.4),(392,32.64,75.6),(393,34.4,23.4),(394,32.64,75.6),(395,134.4,23.4),(396,132.64,75.6),(397,134.4,23.4),(398,132.64,75.6),(399,234.4,23.4),(400,232.64,75.6),(401,234.4,23.4),(402,232.64,75.6),(403,750,800),(404,750,600),(405,350,400),(406,50,1000),(407,300,300),(408,34.4,123.4),(409,32.64,175.6),(410,34.4,123.4),(411,32.64,175.6),(412,134.4,123.4),(413,132.64,175.6),(414,134.4,23.4),(415,132.64,175.6),(416,234.4,123.4),(417,232.64,175.6),(418,234.4,23.4),(419,232.64,175.6),(420,35.3,27.9),(421,250,400),(422,450,200),(423,650,700),(424,1050,200),(425,300,300),(426,34.4,23.4),(427,32.64,75.6),(428,34.4,23.4),(429,32.64,75.6),(430,134.4,23.4),(431,132.64,75.6),(432,134.4,23.4),(433,132.64,75.6),(434,234.4,23.4),(435,232.64,75.6),(436,234.4,23.4),(437,232.64,75.6),(438,750,800),(439,750,600),(440,350,400),(441,50,1000),(442,300,300),(443,34.4,123.4),(444,32.64,175.6),(445,34.4,123.4),(446,32.64,175.6),(447,134.4,123.4),(448,132.64,175.6),(449,134.4,23.4),(450,132.64,175.6),(451,234.4,123.4),(452,232.64,175.6),(453,234.4,23.4),(454,232.64,175.6),(455,35.3,27.9),(456,250,400),(457,450,200),(458,650,700),(459,1050,200),(460,300,300),(461,34.4,23.4),(462,32.64,75.6),(463,34.4,23.4),(464,32.64,75.6),(465,134.4,23.4),(466,132.64,75.6),(467,134.4,23.4),(468,132.64,75.6),(469,234.4,23.4),(470,232.64,75.6),(471,234.4,23.4),(472,232.64,75.6),(473,750,800),(474,750,600),(475,350,400),(476,50,1000),(477,300,300),(478,34.4,123.4),(479,32.64,175.6),(480,34.4,123.4),(481,32.64,175.6),(482,134.4,123.4),(483,132.64,175.6),(484,134.4,23.4),(485,132.64,175.6),(486,234.4,123.4),(487,232.64,175.6),(488,234.4,23.4),(489,232.64,175.6),(490,35.3,27.9),(491,35.3,27.9),(492,300,300),(493,250,400),(494,450,200),(495,650,700),(496,1050,200),(497,34.4,23.4),(498,32.64,75.6),(499,34.4,23.4),(500,32.64,75.6),(501,134.4,23.4),(502,132.64,75.6),(503,134.4,23.4),(504,132.64,75.6),(505,234.4,23.4),(506,232.64,75.6),(507,234.4,23.4),(508,232.64,75.6),(509,300,300),(510,750,800),(511,750,600),(512,350,400),(513,50,1000),(514,34.4,123.4),(515,32.64,175.6),(516,34.4,123.4),(517,32.64,175.6),(518,134.4,123.4),(519,132.64,175.6),(520,134.4,23.4),(521,132.64,175.6),(522,234.4,123.4),(523,232.64,175.6),(524,234.4,23.4),(525,232.64,175.6),(526,250,400),(527,450,200),(528,650,700),(529,1050,200),(530,300,300),(531,34.4,23.4),(532,32.64,75.6),(533,34.4,23.4),(534,32.64,75.6),(535,134.4,23.4),(536,132.64,75.6),(537,134.4,23.4),(538,132.64,75.6),(539,234.4,23.4),(540,232.64,75.6),(541,234.4,23.4),(542,232.64,75.6),(543,750,800),(544,750,600),(545,350,400),(546,50,1000),(547,300,300),(548,34.4,123.4),(549,32.64,175.6),(550,34.4,123.4),(551,32.64,175.6),(552,134.4,123.4),(553,132.64,175.6),(554,134.4,23.4),(555,132.64,175.6),(556,234.4,123.4),(557,232.64,175.6),(558,234.4,23.4),(559,232.64,175.6),(560,35.3,27.9),(561,250,400),(562,450,200),(563,650,700),(564,1050,200),(565,300,300),(566,34.4,23.4),(567,32.64,75.6),(568,34.4,23.4),(569,32.64,75.6),(570,134.4,23.4),(571,132.64,75.6),(572,134.4,23.4),(573,132.64,75.6),(574,234.4,23.4),(575,232.64,75.6),(576,234.4,23.4),(577,232.64,75.6),(578,750,800),(579,750,600),(580,350,400),(581,50,1000),(582,300,300),(583,34.4,123.4),(584,32.64,175.6),(585,34.4,123.4),(586,32.64,175.6),(587,134.4,123.4),(588,132.64,175.6),(589,134.4,23.4),(590,132.64,175.6),(591,234.4,123.4),(592,232.64,175.6),(593,234.4,23.4),(594,232.64,175.6),(595,35.3,27.9),(596,250,400),(597,450,200),(598,650,700),(599,1050,200),(600,300,300),(601,34.4,23.4),(602,32.64,75.6),(603,34.4,23.4),(604,32.64,75.6),(605,134.4,23.4),(606,132.64,75.6),(607,134.4,23.4),(608,132.64,75.6),(609,234.4,23.4),(610,232.64,75.6),(611,234.4,23.4),(612,232.64,75.6),(613,750,800),(614,750,600),(615,350,400),(616,50,1000),(617,300,300),(618,34.4,123.4),(619,32.64,175.6),(620,34.4,123.4),(621,32.64,175.6),(622,134.4,123.4),(623,132.64,175.6),(624,134.4,23.4),(625,132.64,175.6),(626,234.4,123.4),(627,232.64,175.6),(628,234.4,23.4),(629,232.64,175.6),(630,35.3,27.9),(631,159,800),(632,168,684),(633,979,578),(634,1126,722),(635,300,300),(636,34.4,23.4),(637,32.64,75.6),(638,34.4,23.4),(639,32.64,75.6),(640,134.4,23.4),(641,132.64,75.6),(642,134.4,23.4),(643,132.64,75.6),(644,234.4,23.4),(645,232.64,75.6),(646,215,797),(647,243,695),(648,126,569),(649,191,568),(650,284,263),(651,262,265),(652,300,300),(653,34.4,123.4),(654,32.64,175.6),(655,34.4,123.4),(656,32.64,175.6),(657,134.4,123.4),(658,132.64,175.6),(659,134.4,23.4),(660,132.64,175.6),(661,234.4,123.4),(662,232.64,175.6),(663,234.4,23.4),(664,232.64,175.6),(665,35.3,27.9);
/*!40000 ALTER TABLE `Point` ENABLE KEYS */;
UNLOCK TABLES;

--
-- Table structure for table `Rectangle`
--

DROP TABLE IF EXISTS `Rectangle`;
/*!40101 SET @saved_cs_client     = @@character_set_client */;
/*!40101 SET character_set_client = utf8 */;
CREATE TABLE `Rectangle` (
  `RECTANGLE_ID` bigint(20) NOT NULL AUTO_INCREMENT,
  `isEmpty` tinyint(1) NOT NULL,
  `maxLeft_POINT_ID` bigint(20) DEFAULT NULL,
  `maxRight_POINT_ID` bigint(20) DEFAULT NULL,
  `minLeft_POINT_ID` bigint(20) DEFAULT NULL,
  `minRight_POINT_ID` bigint(20) DEFAULT NULL,
  PRIMARY KEY (`RECTANGLE_ID`),
  KEY `FKBA47CD4F8C496B92` (`maxLeft_POINT_ID`),
  KEY `FKBA47CD4F86EDFA65` (`maxRight_POINT_ID`),
  KEY `FKBA47CD4F887ADD64` (`minLeft_POINT_ID`),
  KEY `FKBA47CD4F10EAC2D3` (`minRight_POINT_ID`),
  CONSTRAINT `FKBA47CD4F10EAC2D3` FOREIGN KEY (`minRight_POINT_ID`) REFERENCES `Point` (`POINT_ID`),
  CONSTRAINT `FKBA47CD4F86EDFA65` FOREIGN KEY (`maxRight_POINT_ID`) REFERENCES `Point` (`POINT_ID`),
  CONSTRAINT `FKBA47CD4F887ADD64` FOREIGN KEY (`minLeft_POINT_ID`) REFERENCES `Point` (`POINT_ID`),
  CONSTRAINT `FKBA47CD4F8C496B92` FOREIGN KEY (`maxLeft_POINT_ID`) REFERENCES `Point` (`POINT_ID`)
) ENGINE=InnoDB AUTO_INCREMENT=13 DEFAULT CHARSET=utf8;
/*!40101 SET character_set_client = @saved_cs_client */;

--
-- Dumping data for table `Rectangle`
--

LOCK TABLES `Rectangle` WRITE;
/*!40000 ALTER TABLE `Rectangle` DISABLE KEYS */;
INSERT INTO `Rectangle` VALUES (1,0,461,462,463,464),(2,1,465,466,467,468),(3,1,469,470,471,472),(4,0,478,479,480,481),(5,1,482,483,484,485),(6,1,486,487,488,489),(7,0,636,637,638,639),(8,1,640,641,642,643),(9,1,644,645,646,647),(10,0,653,654,655,656),(11,1,657,658,659,660),(12,1,661,662,663,664);
/*!40000 ALTER TABLE `Rectangle` ENABLE KEYS */;
UNLOCK TABLES;

--
-- Table structure for table `Source`
--

DROP TABLE IF EXISTS `Source`;
/*!40101 SET @saved_cs_client     = @@character_set_client */;
/*!40101 SET character_set_client = utf8 */;
CREATE TABLE `Source` (
  `SOURCE_ID` bigint(20) NOT NULL AUTO_INCREMENT,
  `type` varchar(255) DEFAULT NULL,
  `value` varchar(255) DEFAULT NULL,
  PRIMARY KEY (`SOURCE_ID`)
) ENGINE=InnoDB AUTO_INCREMENT=3 DEFAULT CHARSET=utf8;
/*!40101 SET character_set_client = @saved_cs_client */;

--
-- Dumping data for table `Source`
--

LOCK TABLES `Source` WRITE;
/*!40000 ALTER TABLE `Source` DISABLE KEYS */;
INSERT INTO `Source` VALUES (1,'m3u8','http://webcam.211.ru/camera54_6/index.m3u8'),(2,'m3u8','http://webcam.211.ru/camera54_14/index.m3u8');
/*!40000 ALTER TABLE `Source` ENABLE KEYS */;
UNLOCK TABLES;
/*!40103 SET TIME_ZONE=@OLD_TIME_ZONE */;

/*!40101 SET SQL_MODE=@OLD_SQL_MODE */;
/*!40014 SET FOREIGN_KEY_CHECKS=@OLD_FOREIGN_KEY_CHECKS */;
/*!40014 SET UNIQUE_CHECKS=@OLD_UNIQUE_CHECKS */;
/*!40101 SET CHARACTER_SET_CLIENT=@OLD_CHARACTER_SET_CLIENT */;
/*!40101 SET CHARACTER_SET_RESULTS=@OLD_CHARACTER_SET_RESULTS */;
/*!40101 SET COLLATION_CONNECTION=@OLD_COLLATION_CONNECTION */;
/*!40111 SET SQL_NOTES=@OLD_SQL_NOTES */;

-- Dump completed on 2016-02-14 19:51:40
