CREATE DATABASE  IF NOT EXISTS `parkingFinder` /*!40100 DEFAULT CHARACTER SET utf8 */;
USE `parkingFinder`;
-- MySQL dump 10.13  Distrib 5.6.19, for osx10.7 (i386)
--
-- Host: localhost    Database: parkingFinder
-- ------------------------------------------------------
-- Server version	5.7.11

/*!40101 SET @OLD_CHARACTER_SET_CLIENT=@@CHARACTER_SET_CLIENT */;
/*!40101 SET @OLD_CHARACTER_SET_RESULTS=@@CHARACTER_SET_RESULTS */;
/*!40101 SET @OLD_COLLATION_CONNECTION=@@COLLATION_CONNECTION */;
/*!40101 SET NAMES utf8 */;
/*!40103 SET @OLD_TIME_ZONE=@@TIME_ZONE */;
/*!40103 SET TIME_ZONE='+00:00' */;
/*!40014 SET @OLD_UNIQUE_CHECKS=@@UNIQUE_CHECKS, UNIQUE_CHECKS=0 */;
/*!40014 SET @OLD_FOREIGN_KEY_CHECKS=@@FOREIGN_KEY_CHECKS, FOREIGN_KEY_CHECKS=0 */;
/*!40101 SET @OLD_SQL_MODE=@@SQL_MODE, SQL_MODE='NO_AUTO_VALUE_ON_ZERO' */;
/*!40111 SET @OLD_SQL_NOTES=@@SQL_NOTES, SQL_NOTES=0 */;

--
-- Table structure for table `City`
--

DROP TABLE IF EXISTS `City`;
/*!40101 SET @saved_cs_client     = @@character_set_client */;
/*!40101 SET character_set_client = utf8 */;
CREATE TABLE `City` (
  `CITY_ID` bigint(20) NOT NULL AUTO_INCREMENT,
  `name` varchar(255) DEFAULT NULL,
  PRIMARY KEY (`CITY_ID`)
) ENGINE=InnoDB AUTO_INCREMENT=2 DEFAULT CHARSET=utf8;
/*!40101 SET character_set_client = @saved_cs_client */;

--
-- Dumping data for table `City`
--

LOCK TABLES `City` WRITE;
/*!40000 ALTER TABLE `City` DISABLE KEYS */;
INSERT INTO `City` VALUES (1,'Новосибирск');
/*!40000 ALTER TABLE `City` ENABLE KEYS */;
UNLOCK TABLES;

--
-- Table structure for table `Parking`
--

DROP TABLE IF EXISTS `Parking`;
/*!40101 SET @saved_cs_client     = @@character_set_client */;
/*!40101 SET character_set_client = utf8 */;
CREATE TABLE `Parking` (
  `PARKING_ID` bigint(20) NOT NULL AUTO_INCREMENT,
  `lastImage` varchar(255) DEFAULT NULL,
  `lastUpdate` datetime DEFAULT NULL,
  `name` varchar(255) DEFAULT NULL,
  `city_CITY_ID` bigint(20) DEFAULT NULL,
  `coordinate_POINT_ID` bigint(20) DEFAULT NULL,
  `source_SOURCE_ID` bigint(20) DEFAULT NULL,
  `size_POINT_ID` bigint(20) DEFAULT NULL,
  PRIMARY KEY (`PARKING_ID`),
  KEY `FK33F14B98615A9D02` (`city_CITY_ID`),
  KEY `FK33F14B9815F5E825` (`coordinate_POINT_ID`),
  KEY `FK33F14B98D7B5E7B2` (`source_SOURCE_ID`),
  KEY `FK33F14B988B0047BC` (`size_POINT_ID`),
  CONSTRAINT `FK33F14B9815F5E825` FOREIGN KEY (`coordinate_POINT_ID`) REFERENCES `Point` (`POINT_ID`),
  CONSTRAINT `FK33F14B98615A9D02` FOREIGN KEY (`city_CITY_ID`) REFERENCES `City` (`CITY_ID`),
  CONSTRAINT `FK33F14B988B0047BC` FOREIGN KEY (`size_POINT_ID`) REFERENCES `Point` (`POINT_ID`),
  CONSTRAINT `FK33F14B98D7B5E7B2` FOREIGN KEY (`source_SOURCE_ID`) REFERENCES `Source` (`SOURCE_ID`)
) ENGINE=InnoDB AUTO_INCREMENT=3 DEFAULT CHARSET=utf8;
/*!40101 SET character_set_client = @saved_cs_client */;

--
-- Dumping data for table `Parking`
--

LOCK TABLES `Parking` WRITE;
/*!40000 ALTER TABLE `Parking` DISABLE KEYS */;
INSERT INTO `Parking` VALUES (1,'/resources/images/records/image_1.jpg','2016-03-21 18:22:46','Пересечение Красного проспекта и ул.Ленина',1,490,1,667),(2,'/resources/images/records/image_2.jpg','2016-03-21 18:22:47','Сибиряков-Гвардейцев, 24',1,665,2,666);
/*!40000 ALTER TABLE `Parking` ENABLE KEYS */;
UNLOCK TABLES;

--
-- Table structure for table `ParkingArea`
--

DROP TABLE IF EXISTS `ParkingArea`;
/*!40101 SET @saved_cs_client     = @@character_set_client */;
/*!40101 SET character_set_client = utf8 */;
CREATE TABLE `ParkingArea` (
  `PARKING_AREA_ID` bigint(20) NOT NULL AUTO_INCREMENT,
  `freeSpacesNum` int(11) DEFAULT NULL,
  `size` int(11) DEFAULT NULL,
  `center_POINT_ID` bigint(20) DEFAULT NULL,
  PRIMARY KEY (`PARKING_AREA_ID`),
  KEY `FKFCD104454465F9E8` (`center_POINT_ID`),
  CONSTRAINT `FKFCD104454465F9E8` FOREIGN KEY (`center_POINT_ID`) REFERENCES `Point` (`POINT_ID`)
) ENGINE=InnoDB AUTO_INCREMENT=5 DEFAULT CHARSET=utf8;
/*!40101 SET character_set_client = @saved_cs_client */;

--
-- Dumping data for table `ParkingArea`
--

LOCK TABLES `ParkingArea` WRITE;
/*!40000 ALTER TABLE `ParkingArea` DISABLE KEYS */;
INSERT INTO `ParkingArea` VALUES (1,45,50,460),(2,45,50,477),(3,2,8,635),(4,2,10,652);
/*!40000 ALTER TABLE `ParkingArea` ENABLE KEYS */;
UNLOCK TABLES;

--
-- Table structure for table `ParkingArea_Point`
--

DROP TABLE IF EXISTS `ParkingArea_Point`;
/*!40101 SET @saved_cs_client     = @@character_set_client */;
/*!40101 SET character_set_client = utf8 */;
CREATE TABLE `ParkingArea_Point` (
  `ParkingArea_PARKING_AREA_ID` bigint(20) NOT NULL,
  `area_POINT_ID` bigint(20) NOT NULL,
  UNIQUE KEY `area_POINT_ID` (`area_POINT_ID`),
  KEY `FKDDC3C4F632034B0` (`area_POINT_ID`),
  KEY `FKDDC3C4F6CEC7D775` (`ParkingArea_PARKING_AREA_ID`),
  CONSTRAINT `FKDDC3C4F632034B0` FOREIGN KEY (`area_POINT_ID`) REFERENCES `Point` (`POINT_ID`),
  CONSTRAINT `FKDDC3C4F6CEC7D775` FOREIGN KEY (`ParkingArea_PARKING_AREA_ID`) REFERENCES `ParkingArea` (`PARKING_AREA_ID`)
) ENGINE=InnoDB DEFAULT CHARSET=utf8;
/*!40101 SET character_set_client = @saved_cs_client */;

--
-- Dumping data for table `ParkingArea_Point`
--

LOCK TABLES `ParkingArea_Point` WRITE;
/*!40000 ALTER TABLE `ParkingArea_Point` DISABLE KEYS */;
INSERT INTO `ParkingArea_Point` VALUES (1,456),(1,457),(1,458),(1,459),(2,473),(2,474),(2,475),(2,476),(3,631),(3,632),(3,633),(3,634),(4,648),(4,649),(4,650),(4,651);
/*!40000 ALTER TABLE `ParkingArea_Point` ENABLE KEYS */;
UNLOCK TABLES;

--
-- Table structure for table `ParkingArea_Rectangle`
--

DROP TABLE IF EXISTS `ParkingArea_Rectangle`;
/*!40101 SET @saved_cs_client     = @@character_set_client */;
/*!40101 SET character_set_client = utf8 */;
CREATE TABLE `ParkingArea_Rectangle` (
  `ParkingArea_PARKING_AREA_ID` bigint(20) NOT NULL,
  `spaces_RECTANGLE_ID` bigint(20) NOT NULL,
  UNIQUE KEY `spaces_RECTANGLE_ID` (`spaces_RECTANGLE_ID`),
  KEY `FK188F9D5AC0FCDB0` (`spaces_RECTANGLE_ID`),
  KEY `FK188F9D5CEC7D775` (`ParkingArea_PARKING_AREA_ID`),
  CONSTRAINT `FK188F9D5AC0FCDB0` FOREIGN KEY (`spaces_RECTANGLE_ID`) REFERENCES `Rectangle` (`RECTANGLE_ID`),
  CONSTRAINT `FK188F9D5CEC7D775` FOREIGN KEY (`ParkingArea_PARKING_AREA_ID`) REFERENCES `ParkingArea` (`PARKING_AREA_ID`)
) ENGINE=InnoDB DEFAULT CHARSET=utf8;
/*!40101 SET character_set_client = @saved_cs_client */;

--
-- Dumping data for table `ParkingArea_Rectangle`
--

LOCK TABLES `ParkingArea_Rectangle` WRITE;
/*!40000 ALTER TABLE `ParkingArea_Rectangle` DISABLE KEYS */;
INSERT INTO `ParkingArea_Rectangle` VALUES (1,1),(1,2),(1,3),(2,4),(2,5),(2,6),(3,7),(3,8),(3,9),(4,10),(4,11),(4,12);
/*!40000 ALTER TABLE `ParkingArea_Rectangle` ENABLE KEYS */;
UNLOCK TABLES;

--
-- Table structure for table `Parking_ParkingArea`
--

DROP TABLE IF EXISTS `Parking_ParkingArea`;
/*!40101 SET @saved_cs_client     = @@character_set_client */;
/*!40101 SET character_set_client = utf8 */;
CREATE TABLE `Parking_ParkingArea` (
  `Parking_PARKING_ID` bigint(20) NOT NULL,
  `areas_PARKING_AREA_ID` bigint(20) NOT NULL,
  UNIQUE KEY `areas_PARKING_AREA_ID` (`areas_PARKING_AREA_ID`),
  KEY `FKAAE20A1ED82D8EB6` (`areas_PARKING_AREA_ID`),
  KEY `FKAAE20A1EA4B64225` (`Parking_PARKING_ID`),
  CONSTRAINT `FKAAE20A1EA4B64225` FOREIGN KEY (`Parking_PARKING_ID`) REFERENCES `Parking` (`PARKING_ID`),
  CONSTRAINT `FKAAE20A1ED82D8EB6` FOREIGN KEY (`areas_PARKING_AREA_ID`) REFERENCES `ParkingArea` (`PARKING_AREA_ID`)
) ENGINE=InnoDB DEFAULT CHARSET=utf8;
/*!40101 SET character_set_client = @saved_cs_client */;

--
-- Dumping data for table `Parking_ParkingArea`
--

LOCK TABLES `Parking_ParkingArea` WRITE;
/*!40000 ALTER TABLE `Parking_ParkingArea` DISABLE KEYS */;
INSERT INTO `Parking_ParkingArea` VALUES (1,1),(1,2),(2,3),(2,4);
/*!40000 ALTER TABLE `Parking_ParkingArea` ENABLE KEYS */;
UNLOCK TABLES;

--
-- Table structure for table `Parking_Rectangle`
--

DROP TABLE IF EXISTS `Parking_Rectangle`;
/*!40101 SET @saved_cs_client     = @@character_set_client */;
/*!40101 SET character_set_client = utf8 */;
CREATE TABLE `Parking_Rectangle` (
  `Parking_PARKING_ID` bigint(20) NOT NULL,
  `cars_RECTANGLE_ID` bigint(20) NOT NULL,
  UNIQUE KEY `cars_RECTANGLE_ID` (`cars_RECTANGLE_ID`),
  KEY `FK84627568B7075BFE` (`cars_RECTANGLE_ID`),
  KEY `FK84627568A4B64225` (`Parking_PARKING_ID`),
  CONSTRAINT `FK84627568A4B64225` FOREIGN KEY (`Parking_PARKING_ID`) REFERENCES `Parking` (`PARKING_ID`),
  CONSTRAINT `FK84627568B7075BFE` FOREIGN KEY (`cars_RECTANGLE_ID`) REFERENCES `Rectangle` (`RECTANGLE_ID`)
) ENGINE=InnoDB DEFAULT CHARSET=utf8;
/*!40101 SET character_set_client = @saved_cs_client */;

--
-- Dumping data for table `Parking_Rectangle`
--

LOCK TABLES `Parking_Rectangle` WRITE;
/*!40000 ALTER TABLE `Parking_Rectangle` DISABLE KEYS */;
INSERT INTO `Parking_Rectangle` VALUES (1,1318),(1,1319),(1,1320),(1,1321),(1,1322),(1,1323),(1,1324),(1,1325),(1,1326),(1,1327),(1,1328),(1,1330),(1,1332),(1,1334),(1,1336),(1,1338),(1,1340),(1,1342),(1,1344),(2,1329),(2,1331),(2,1333),(2,1335),(2,1337),(2,1339),(2,1341),(2,1343),(2,1345),(2,1346),(2,1347),(2,1348),(2,1349),(2,1350);
/*!40000 ALTER TABLE `Parking_Rectangle` ENABLE KEYS */;
UNLOCK TABLES;

--
-- Table structure for table `Point`
--

DROP TABLE IF EXISTS `Point`;
/*!40101 SET @saved_cs_client     = @@character_set_client */;
/*!40101 SET character_set_client = utf8 */;
CREATE TABLE `Point` (
  `POINT_ID` bigint(20) NOT NULL AUTO_INCREMENT,
  `x` double DEFAULT NULL,
  `y` double DEFAULT NULL,
  PRIMARY KEY (`POINT_ID`)
) ENGINE=InnoDB AUTO_INCREMENT=6020 DEFAULT CHARSET=utf8;
/*!40101 SET character_set_client = @saved_cs_client */;

--
-- Dumping data for table `Point`
--

LOCK TABLES `Point` WRITE;
/*!40000 ALTER TABLE `Point` DISABLE KEYS */;
INSERT INTO `Point` VALUES (1,35.3,27.9),(2,300,300),(3,250,400),(4,450,200),(5,650,700),(6,1050,200),(7,34.4,23.4),(8,32.64,75.6),(9,34.4,23.4),(10,32.64,75.6),(11,134.4,23.4),(12,132.64,75.6),(13,134.4,23.4),(14,132.64,75.6),(15,234.4,23.4),(16,232.64,75.6),(17,234.4,23.4),(18,232.64,75.6),(19,300,300),(20,750,800),(21,750,600),(22,350,400),(23,50,1000),(24,34.4,123.4),(25,32.64,175.6),(26,34.4,123.4),(27,32.64,175.6),(28,134.4,123.4),(29,132.64,175.6),(30,134.4,23.4),(31,132.64,175.6),(32,234.4,123.4),(33,232.64,175.6),(34,234.4,23.4),(35,232.64,175.6),(36,250,400),(37,450,200),(38,650,700),(39,1050,200),(40,300,300),(41,34.4,23.4),(42,32.64,75.6),(43,34.4,23.4),(44,32.64,75.6),(45,134.4,23.4),(46,132.64,75.6),(47,134.4,23.4),(48,132.64,75.6),(49,234.4,23.4),(50,232.64,75.6),(51,234.4,23.4),(52,232.64,75.6),(53,750,800),(54,750,600),(55,350,400),(56,50,1000),(57,300,300),(58,34.4,123.4),(59,32.64,175.6),(60,34.4,123.4),(61,32.64,175.6),(62,134.4,123.4),(63,132.64,175.6),(64,134.4,23.4),(65,132.64,175.6),(66,234.4,123.4),(67,232.64,175.6),(68,234.4,23.4),(69,232.64,175.6),(70,35.3,27.9),(71,250,400),(72,450,200),(73,650,700),(74,1050,200),(75,300,300),(76,34.4,23.4),(77,32.64,75.6),(78,34.4,23.4),(79,32.64,75.6),(80,134.4,23.4),(81,132.64,75.6),(82,134.4,23.4),(83,132.64,75.6),(84,234.4,23.4),(85,232.64,75.6),(86,234.4,23.4),(87,232.64,75.6),(88,750,800),(89,750,600),(90,350,400),(91,50,1000),(92,300,300),(93,34.4,123.4),(94,32.64,175.6),(95,34.4,123.4),(96,32.64,175.6),(97,134.4,123.4),(98,132.64,175.6),(99,134.4,23.4),(100,132.64,175.6),(101,234.4,123.4),(102,232.64,175.6),(103,234.4,23.4),(104,232.64,175.6),(105,35.3,27.9),(106,250,400),(107,450,200),(108,650,700),(109,1050,200),(110,300,300),(111,34.4,23.4),(112,32.64,75.6),(113,34.4,23.4),(114,32.64,75.6),(115,134.4,23.4),(116,132.64,75.6),(117,134.4,23.4),(118,132.64,75.6),(119,234.4,23.4),(120,232.64,75.6),(121,234.4,23.4),(122,232.64,75.6),(123,750,800),(124,750,600),(125,350,400),(126,50,1000),(127,300,300),(128,34.4,123.4),(129,32.64,175.6),(130,34.4,123.4),(131,32.64,175.6),(132,134.4,123.4),(133,132.64,175.6),(134,134.4,23.4),(135,132.64,175.6),(136,234.4,123.4),(137,232.64,175.6),(138,234.4,23.4),(139,232.64,175.6),(140,35.3,27.9),(141,250,400),(142,450,200),(143,650,700),(144,1050,200),(145,300,300),(146,34.4,23.4),(147,32.64,75.6),(148,34.4,23.4),(149,32.64,75.6),(150,134.4,23.4),(151,132.64,75.6),(152,134.4,23.4),(153,132.64,75.6),(154,234.4,23.4),(155,232.64,75.6),(156,234.4,23.4),(157,232.64,75.6),(158,750,800),(159,750,600),(160,350,400),(161,50,1000),(162,300,300),(163,34.4,123.4),(164,32.64,175.6),(165,34.4,123.4),(166,32.64,175.6),(167,134.4,123.4),(168,132.64,175.6),(169,134.4,23.4),(170,132.64,175.6),(171,234.4,123.4),(172,232.64,175.6),(173,234.4,23.4),(174,232.64,175.6),(175,35.3,27.9),(176,250,400),(177,450,200),(178,650,700),(179,1050,200),(180,300,300),(181,34.4,23.4),(182,32.64,75.6),(183,34.4,23.4),(184,32.64,75.6),(185,134.4,23.4),(186,132.64,75.6),(187,134.4,23.4),(188,132.64,75.6),(189,234.4,23.4),(190,232.64,75.6),(191,234.4,23.4),(192,232.64,75.6),(193,750,800),(194,750,600),(195,350,400),(196,50,1000),(197,300,300),(198,34.4,123.4),(199,32.64,175.6),(200,34.4,123.4),(201,32.64,175.6),(202,134.4,123.4),(203,132.64,175.6),(204,134.4,23.4),(205,132.64,175.6),(206,234.4,123.4),(207,232.64,175.6),(208,234.4,23.4),(209,232.64,175.6),(210,35.3,27.9),(211,250,400),(212,450,200),(213,650,700),(214,1050,200),(215,300,300),(216,34.4,23.4),(217,32.64,75.6),(218,34.4,23.4),(219,32.64,75.6),(220,134.4,23.4),(221,132.64,75.6),(222,134.4,23.4),(223,132.64,75.6),(224,234.4,23.4),(225,232.64,75.6),(226,234.4,23.4),(227,232.64,75.6),(228,750,800),(229,750,600),(230,350,400),(231,50,1000),(232,300,300),(233,34.4,123.4),(234,32.64,175.6),(235,34.4,123.4),(236,32.64,175.6),(237,134.4,123.4),(238,132.64,175.6),(239,134.4,23.4),(240,132.64,175.6),(241,234.4,123.4),(242,232.64,175.6),(243,234.4,23.4),(244,232.64,175.6),(245,35.3,27.9),(246,250,400),(247,450,200),(248,650,700),(249,1050,200),(250,300,300),(251,34.4,23.4),(252,32.64,75.6),(253,34.4,23.4),(254,32.64,75.6),(255,134.4,23.4),(256,132.64,75.6),(257,134.4,23.4),(258,132.64,75.6),(259,234.4,23.4),(260,232.64,75.6),(261,234.4,23.4),(262,232.64,75.6),(263,750,800),(264,750,600),(265,350,400),(266,50,1000),(267,300,300),(268,34.4,123.4),(269,32.64,175.6),(270,34.4,123.4),(271,32.64,175.6),(272,134.4,123.4),(273,132.64,175.6),(274,134.4,23.4),(275,132.64,175.6),(276,234.4,123.4),(277,232.64,175.6),(278,234.4,23.4),(279,232.64,175.6),(280,35.3,27.9),(281,250,400),(282,450,200),(283,650,700),(284,1050,200),(285,300,300),(286,34.4,23.4),(287,32.64,75.6),(288,34.4,23.4),(289,32.64,75.6),(290,134.4,23.4),(291,132.64,75.6),(292,134.4,23.4),(293,132.64,75.6),(294,234.4,23.4),(295,232.64,75.6),(296,234.4,23.4),(297,232.64,75.6),(298,750,800),(299,750,600),(300,350,400),(301,50,1000),(302,300,300),(303,34.4,123.4),(304,32.64,175.6),(305,34.4,123.4),(306,32.64,175.6),(307,134.4,123.4),(308,132.64,175.6),(309,134.4,23.4),(310,132.64,175.6),(311,234.4,123.4),(312,232.64,175.6),(313,234.4,23.4),(314,232.64,175.6),(315,35.3,27.9),(316,250,400),(317,450,200),(318,650,700),(319,1050,200),(320,300,300),(321,34.4,23.4),(322,32.64,75.6),(323,34.4,23.4),(324,32.64,75.6),(325,134.4,23.4),(326,132.64,75.6),(327,134.4,23.4),(328,132.64,75.6),(329,234.4,23.4),(330,232.64,75.6),(331,234.4,23.4),(332,232.64,75.6),(333,750,800),(334,750,600),(335,350,400),(336,50,1000),(337,300,300),(338,34.4,123.4),(339,32.64,175.6),(340,34.4,123.4),(341,32.64,175.6),(342,134.4,123.4),(343,132.64,175.6),(344,134.4,23.4),(345,132.64,175.6),(346,234.4,123.4),(347,232.64,175.6),(348,234.4,23.4),(349,232.64,175.6),(350,35.3,27.9),(351,250,400),(352,450,200),(353,650,700),(354,1050,200),(355,300,300),(356,34.4,23.4),(357,32.64,75.6),(358,34.4,23.4),(359,32.64,75.6),(360,134.4,23.4),(361,132.64,75.6),(362,134.4,23.4),(363,132.64,75.6),(364,234.4,23.4),(365,232.64,75.6),(366,234.4,23.4),(367,232.64,75.6),(368,750,800),(369,750,600),(370,350,400),(371,50,1000),(372,300,300),(373,34.4,123.4),(374,32.64,175.6),(375,34.4,123.4),(376,32.64,175.6),(377,134.4,123.4),(378,132.64,175.6),(379,134.4,23.4),(380,132.64,175.6),(381,234.4,123.4),(382,232.64,175.6),(383,234.4,23.4),(384,232.64,175.6),(385,35.3,27.9),(386,250,400),(387,450,200),(388,650,700),(389,1050,200),(390,300,300),(391,34.4,23.4),(392,32.64,75.6),(393,34.4,23.4),(394,32.64,75.6),(395,134.4,23.4),(396,132.64,75.6),(397,134.4,23.4),(398,132.64,75.6),(399,234.4,23.4),(400,232.64,75.6),(401,234.4,23.4),(402,232.64,75.6),(403,750,800),(404,750,600),(405,350,400),(406,50,1000),(407,300,300),(408,34.4,123.4),(409,32.64,175.6),(410,34.4,123.4),(411,32.64,175.6),(412,134.4,123.4),(413,132.64,175.6),(414,134.4,23.4),(415,132.64,175.6),(416,234.4,123.4),(417,232.64,175.6),(418,234.4,23.4),(419,232.64,175.6),(420,35.3,27.9),(421,250,400),(422,450,200),(423,650,700),(424,1050,200),(425,300,300),(426,34.4,23.4),(427,32.64,75.6),(428,34.4,23.4),(429,32.64,75.6),(430,134.4,23.4),(431,132.64,75.6),(432,134.4,23.4),(433,132.64,75.6),(434,234.4,23.4),(435,232.64,75.6),(436,234.4,23.4),(437,232.64,75.6),(438,750,800),(439,750,600),(440,350,400),(441,50,1000),(442,300,300),(443,34.4,123.4),(444,32.64,175.6),(445,34.4,123.4),(446,32.64,175.6),(447,134.4,123.4),(448,132.64,175.6),(449,134.4,23.4),(450,132.64,175.6),(451,234.4,123.4),(452,232.64,175.6),(453,234.4,23.4),(454,232.64,175.6),(455,35.3,27.9),(456,250,400),(457,450,200),(458,650,700),(459,1050,200),(460,300,300),(461,34.4,23.4),(462,32.64,75.6),(463,34.4,23.4),(464,32.64,75.6),(465,134.4,23.4),(466,132.64,75.6),(467,134.4,23.4),(468,132.64,75.6),(469,234.4,23.4),(470,232.64,75.6),(471,234.4,23.4),(472,232.64,75.6),(473,750,800),(474,750,600),(475,350,400),(476,50,1000),(477,300,300),(478,34.4,123.4),(479,32.64,175.6),(480,34.4,123.4),(481,32.64,175.6),(482,134.4,123.4),(483,132.64,175.6),(484,134.4,23.4),(485,132.64,175.6),(486,234.4,123.4),(487,232.64,175.6),(488,234.4,23.4),(489,232.64,175.6),(490,35.3,27.9),(491,35.3,27.9),(492,300,300),(493,250,400),(494,450,200),(495,650,700),(496,1050,200),(497,34.4,23.4),(498,32.64,75.6),(499,34.4,23.4),(500,32.64,75.6),(501,134.4,23.4),(502,132.64,75.6),(503,134.4,23.4),(504,132.64,75.6),(505,234.4,23.4),(506,232.64,75.6),(507,234.4,23.4),(508,232.64,75.6),(509,300,300),(510,750,800),(511,750,600),(512,350,400),(513,50,1000),(514,34.4,123.4),(515,32.64,175.6),(516,34.4,123.4),(517,32.64,175.6),(518,134.4,123.4),(519,132.64,175.6),(520,134.4,23.4),(521,132.64,175.6),(522,234.4,123.4),(523,232.64,175.6),(524,234.4,23.4),(525,232.64,175.6),(526,250,400),(527,450,200),(528,650,700),(529,1050,200),(530,300,300),(531,34.4,23.4),(532,32.64,75.6),(533,34.4,23.4),(534,32.64,75.6),(535,134.4,23.4),(536,132.64,75.6),(537,134.4,23.4),(538,132.64,75.6),(539,234.4,23.4),(540,232.64,75.6),(541,234.4,23.4),(542,232.64,75.6),(543,750,800),(544,750,600),(545,350,400),(546,50,1000),(547,300,300),(548,34.4,123.4),(549,32.64,175.6),(550,34.4,123.4),(551,32.64,175.6),(552,134.4,123.4),(553,132.64,175.6),(554,134.4,23.4),(555,132.64,175.6),(556,234.4,123.4),(557,232.64,175.6),(558,234.4,23.4),(559,232.64,175.6),(560,35.3,27.9),(561,250,400),(562,450,200),(563,650,700),(564,1050,200),(565,300,300),(566,34.4,23.4),(567,32.64,75.6),(568,34.4,23.4),(569,32.64,75.6),(570,134.4,23.4),(571,132.64,75.6),(572,134.4,23.4),(573,132.64,75.6),(574,234.4,23.4),(575,232.64,75.6),(576,234.4,23.4),(577,232.64,75.6),(578,750,800),(579,750,600),(580,350,400),(581,50,1000),(582,300,300),(583,34.4,123.4),(584,32.64,175.6),(585,34.4,123.4),(586,32.64,175.6),(587,134.4,123.4),(588,132.64,175.6),(589,134.4,23.4),(590,132.64,175.6),(591,234.4,123.4),(592,232.64,175.6),(593,234.4,23.4),(594,232.64,175.6),(595,35.3,27.9),(596,250,400),(597,450,200),(598,650,700),(599,1050,200),(600,300,300),(601,34.4,23.4),(602,32.64,75.6),(603,34.4,23.4),(604,32.64,75.6),(605,134.4,23.4),(606,132.64,75.6),(607,134.4,23.4),(608,132.64,75.6),(609,234.4,23.4),(610,232.64,75.6),(611,234.4,23.4),(612,232.64,75.6),(613,750,800),(614,750,600),(615,350,400),(616,50,1000),(617,300,300),(618,34.4,123.4),(619,32.64,175.6),(620,34.4,123.4),(621,32.64,175.6),(622,134.4,123.4),(623,132.64,175.6),(624,134.4,23.4),(625,132.64,175.6),(626,234.4,123.4),(627,232.64,175.6),(628,234.4,23.4),(629,232.64,175.6),(630,35.3,27.9),(631,207.5,778),(632,1014.5,643),(633,1134.5,724),(634,186.5,905),(635,146.5,914),(636,34.4,23.4),(637,32.64,75.6),(638,34.4,23.4),(639,32.64,75.6),(640,134.4,23.4),(641,132.64,75.6),(642,134.4,23.4),(643,132.64,75.6),(644,234.4,23.4),(645,232.64,75.6),(646,215,797),(647,243,695),(648,74,693),(649,155,687),(650,284,263),(651,262,265),(652,244,345),(653,34.4,123.4),(654,32.64,175.6),(655,34.4,123.4),(656,32.64,175.6),(657,134.4,123.4),(658,132.64,175.6),(659,134.4,23.4),(660,132.64,175.6),(661,234.4,123.4),(662,232.64,175.6),(663,234.4,23.4),(664,232.64,175.6),(665,35.3,27.9),(666,1280,960),(667,1280,800),(668,434,398),(669,533,398),(670,434,447),(671,533,447),(672,1164,677),(673,1251,677),(674,1164,720),(675,1251,720),(676,19,452),(677,126,452),(678,19,506),(679,126,506),(680,199,430),(681,321,430),(682,199,491),(683,321,491),(684,1004,591),(685,1134,591),(686,1004,656),(687,1134,656),(688,344,531),(689,507,531),(690,344,612),(691,507,612),(692,966,611),(693,1061,611),(694,1107,596),(695,966,658),(696,1273,596),(697,1061,658),(698,1107,679),(699,1273,679),(700,234,769),(701,314,769),(702,908,673),(703,234,809),(704,1072,673),(705,314,809),(706,908,755),(707,1072,755),(708,790,884),(709,891,884),(710,905,472),(711,790,934),(712,1094,472),(713,891,934),(714,905,566),(715,1094,566),(716,1145,476),(717,1247,476),(718,739,477),(719,1145,527),(720,947,477),(721,1247,527),(722,739,581),(723,947,581),(724,698,482),(725,403,542),(726,808,482),(727,624,542),(728,698,537),(729,403,653),(730,808,537),(731,624,653),(732,22,743),(733,134,743),(734,677,632),(735,22,799),(736,933,632),(737,677,760),(738,134,799),(739,933,760),(740,320,725),(741,565,566),(742,492,725),(743,869,566),(744,320,811),(745,565,718),(746,492,811),(747,869,718),(748,961,659),(749,1125,659),(750,961,741),(751,1125,741),(752,582,360),(753,766,360),(754,582,452),(755,766,452),(756,66,450),(757,281,450),(758,66,558),(759,281,558),(760,873,512),(761,1062,512),(762,873,607),(763,1062,607),(764,702,549),(765,896,549),(766,702,646),(767,896,646),(768,924,574),(769,1104,574),(770,924,664),(771,1104,664),(772,448,705),(773,633,705),(774,448,798),(775,633,798),(776,180,738),(777,356,738),(778,180,826),(779,356,826),(780,169,824),(781,367,824),(782,169,923),(783,367,923),(784,602,572),(785,794,572),(786,602,668),(787,794,668),(788,49,588),(789,238,588),(790,49,682),(791,238,682),(792,834,592),(793,1039,592),(794,834,695),(795,1039,695),(796,316,804),(797,529,804),(798,316,910),(799,529,910),(800,317,579),(801,581,579),(802,317,711),(803,581,711),(804,773,745),(805,1050,745),(806,773,884),(807,1050,884),(808,449,758),(809,805,758),(810,449,936),(811,805,936),(812,534,288),(813,949,288),(814,534,495),(815,949,495),(816,349,98),(817,808,98),(818,349,328),(819,808,328),(820,308,268),(821,390,268),(822,308,309),(823,390,309),(824,756,392),(825,854,392),(826,756,441),(827,854,441),(828,438,402),(829,530,402),(830,438,448),(831,530,448),(832,878,456),(833,964,456),(834,878,499),(835,964,499),(836,1163,678),(837,1265,678),(838,1163,729),(839,1265,729),(840,1089,557),(841,1202,557),(842,1089,614),(843,1202,614),(844,559,617),(845,711,617),(846,559,693),(847,711,693),(848,417,480),(849,609,480),(850,417,576),(851,609,576),(852,908,164),(853,1072,164),(854,908,246),(855,1072,246),(856,75,99),(857,251,99),(858,75,187),(859,251,187),(860,525,440),(861,718,440),(862,525,536),(863,718,536),(864,251,139),(865,459,139),(866,251,243),(867,459,243),(868,23,620),(869,223,620),(870,23,720),(871,223,720),(872,450,515),(873,871,515),(874,450,725),(875,871,725),(876,969,613),(877,1065,613),(878,969,661),(879,1065,661),(880,207,280),(881,315,280),(882,207,334),(883,315,334),(884,771,871),(885,901,871),(886,771,936),(887,901,936),(888,164,330),(889,304,330),(890,164,400),(891,304,400),(892,891,527),(893,1043,527),(894,891,603),(895,1043,603),(896,534,240),(897,703,240),(898,534,325),(899,703,325),(900,923,576),(901,1092,576),(902,923,661),(903,1092,661),(904,960,657),(905,1125,657),(906,960,740),(907,1125,740),(908,316,716),(909,495,716),(910,316,806),(911,495,806),(912,64,468),(913,271,468),(914,64,572),(915,271,572),(916,704,550),(917,893,550),(918,704,645),(919,893,645),(920,598,572),(921,796,572),(922,598,671),(923,796,671),(924,35,578),(925,252,578),(926,35,687),(927,252,687),(928,445,698),(929,634,698),(930,445,793),(931,634,793),(932,325,810),(933,522,810),(934,325,908),(935,522,908),(936,171,828),(937,363,828),(938,171,924),(939,363,924),(940,677,357),(941,880,357),(942,677,459),(943,880,459),(944,89,417),(945,297,417),(946,89,521),(947,297,521),(948,825,583),(949,1036,583),(950,825,688),(951,1036,688),(952,715,628),(953,923,628),(954,715,732),(955,923,732),(956,647,772),(957,883,772),(958,647,890),(959,883,890),(960,778,751),(961,1043,751),(962,778,883),(963,1043,883),(964,444,765),(965,790,765),(966,444,938),(967,790,938),(968,550,284),(969,956,284),(970,550,487),(971,956,487),(972,716,350),(973,799,350),(974,716,392),(975,799,392),(976,381,369),(977,474,369),(978,381,416),(979,474,416),(980,783,621),(981,873,621),(982,783,666),(983,873,666),(984,86,622),(985,224,622),(986,86,691),(987,224,691),(988,601,488),(989,704,488),(990,601,539),(991,704,539),(992,277,472),(993,389,472),(994,277,528),(995,389,528),(996,215,552),(997,398,552),(998,215,644),(999,398,644),(1000,62,95),(1001,256,95),(1002,62,191),(1003,256,191),(1004,593,570),(1005,786,570),(1006,593,666),(1007,786,666),(1008,257,454),(1009,499,454),(1010,257,575),(1011,499,575),(1012,266,298),(1013,352,298),(1014,266,341),(1015,352,341),(1016,750,409),(1017,834,409),(1018,750,451),(1019,834,451),(1020,541,440),(1021,694,440),(1022,541,517),(1023,694,517),(1024,218,535),(1025,317,535),(1026,218,585),(1027,317,585),(1028,371,539),(1029,470,539),(1030,371,588),(1031,470,588),(1032,502,545),(1033,602,545),(1034,502,595),(1035,602,595),(1036,988,466),(1037,1082,466),(1038,988,513),(1039,1082,513),(1040,633,631),(1041,819,631),(1042,633,724),(1043,819,724),(1044,587,565),(1045,735,565),(1046,587,639),(1047,735,639),(1048,1080,558),(1049,1192,558),(1050,1080,614),(1051,1192,614),(1052,1108,595),(1053,1269,595),(1054,1108,676),(1055,1269,676),(1056,145,514),(1057,327,514),(1058,145,605),(1059,327,605),(1060,302,526),(1061,472,526),(1062,302,611),(1063,472,611),(1064,1070,647),(1065,1256,647),(1066,1070,740),(1067,1256,740),(1068,392,530),(1069,599,530),(1070,392,634),(1071,599,634),(1072,43,544),(1073,243,544),(1074,43,644),(1075,243,644),(1076,513,572),(1077,743,572),(1078,513,687),(1079,743,687),(1080,731,665),(1081,933,665),(1082,731,766),(1083,933,766),(1084,672,588),(1085,914,588),(1086,672,709),(1087,914,709),(1088,263,416),(1089,737,416),(1090,263,653),(1091,737,653),(1092,750,408),(1093,838,408),(1094,750,452),(1095,838,452),(1096,479,390),(1097,571,390),(1098,479,436),(1099,571,436),(1100,68,407),(1101,170,407),(1102,68,458),(1103,170,458),(1104,1090,561),(1105,1202,561),(1106,1090,617),(1107,1202,617),(1108,1033,654),(1109,1138,654),(1110,1033,706),(1111,1138,706),(1112,408,494),(1113,858,494),(1114,408,719),(1115,858,719),(1116,967,612),(1117,1058,612),(1118,967,657),(1119,1058,657),(1120,230,767),(1121,315,767),(1122,230,810),(1123,315,810),(1124,1016,884),(1125,1101,884),(1126,1016,927),(1127,1101,927),(1128,179,335),(1129,295,335),(1130,179,393),(1131,295,393),(1132,835,593),(1133,1038,593),(1134,835,695),(1135,1038,695),(1136,314,719),(1137,496,719),(1138,314,810),(1139,496,810),(1140,685,358),(1141,886,358),(1142,685,458),(1143,886,458),(1144,875,514),(1145,1061,514),(1146,875,607),(1147,1061,607),(1148,708,552),(1149,892,552),(1150,708,644),(1151,892,644),(1152,725,633),(1153,920,633),(1154,725,730),(1155,920,730),(1156,956,654),(1157,1127,654),(1158,956,740),(1159,1127,740),(1160,454,689),(1161,641,689),(1162,454,783),(1163,641,783),(1164,171,826),(1165,367,826),(1166,171,924),(1167,367,924),(1168,63,464),(1169,274,464),(1170,63,570),(1171,274,570),(1172,32,574),(1173,257,574),(1174,32,687),(1175,257,687),(1176,328,808),(1177,530,808),(1178,328,909),(1179,530,909),(1180,301,573),(1181,584,573),(1182,301,715),(1183,584,715),(1184,769,744),(1185,1051,744),(1186,769,885),(1187,1051,885),(1188,438,763),(1189,781,763),(1190,438,935),(1191,781,935),(1192,524,280),(1193,933,280),(1194,524,484),(1195,933,484),(1196,320,257),(1197,410,257),(1198,320,302),(1199,410,302),(1200,382,368),(1201,475,368),(1202,382,414),(1203,475,414),(1204,444,405),(1205,529,405),(1206,444,447),(1207,529,447),(1208,448,525),(1209,559,525),(1210,448,581),(1211,559,581),(1212,822,732),(1213,904,732),(1214,822,773),(1215,904,773),(1216,359,401),(1217,451,401),(1218,359,447),(1219,451,447),(1220,830,658),(1221,964,658),(1222,830,725),(1223,964,725),(1224,312,456),(1225,421,456),(1226,312,510),(1227,421,510),(1228,651,466),(1229,757,466),(1230,651,519),(1231,757,519),(1232,186,429),(1233,321,429),(1234,186,496),(1235,321,496),(1236,1110,598),(1237,1266,598),(1238,1110,676),(1239,1266,676),(1240,466,566),(1241,677,566),(1242,466,672),(1243,677,672),(1244,552,602),(1245,739,602),(1246,552,695),(1247,739,695),(1248,414,493),(1249,643,493),(1250,414,608),(1251,643,608),(1252,970,615),(1253,1056,615),(1254,970,658),(1255,1056,658),(1256,1152,611),(1257,1261,611),(1258,1152,666),(1259,1261,666),(1260,181,834),(1261,357,834),(1262,181,922),(1263,357,922),(1264,833,590),(1265,1029,590),(1266,833,688),(1267,1029,688),(1268,960,658),(1269,1124,658),(1270,960,740),(1271,1124,740),(1272,317,719),(1273,503,719),(1274,317,812),(1275,503,812),(1276,687,361),(1277,883,361),(1278,687,459),(1279,883,459),(1280,878,513),(1281,1058,513),(1282,878,603),(1283,1058,603),(1284,700,547),(1285,901,547),(1286,700,648),(1287,901,648),(1288,42,577),(1289,259,577),(1290,42,685),(1291,259,685),(1292,444,698),(1293,635,698),(1294,444,794),(1295,635,794),(1296,59,458),(1297,291,458),(1298,59,574),(1299,291,574),(1300,602,572),(1301,798,572),(1302,602,670),(1303,798,670),(1304,187,657),(1305,398,657),(1306,187,763),(1307,398,763),(1308,650,758),(1309,873,758),(1310,650,870),(1311,873,870),(1312,771,747),(1313,1047,747),(1314,771,885),(1315,1047,885),(1316,444,769),(1317,783,769),(1318,444,938),(1319,783,938),(1320,558,290),(1321,933,290),(1322,558,478),(1323,933,478),(1324,560,408),(1325,642,408),(1326,560,449),(1327,642,449),(1328,1051,544),(1329,1139,544),(1330,1051,588),(1331,1139,588),(1332,707,555),(1333,887,555),(1334,707,645),(1335,887,645),(1336,167,724),(1337,357,724),(1338,167,819),(1339,357,819),(1340,74,119),(1341,267,119),(1342,74,216),(1343,267,216),(1344,691,365),(1345,883,365),(1346,691,461),(1347,883,461),(1348,70,471),(1349,268,471),(1350,70,570),(1351,268,570),(1352,842,595),(1353,1036,595),(1354,842,692),(1355,1036,692),(1356,41,575),(1357,259,575),(1358,41,684),(1359,259,684),(1360,444,696),(1361,640,696),(1362,444,795),(1363,640,795),(1364,310,727),(1365,494,727),(1366,310,819),(1367,494,819),(1368,325,808),(1369,530,808),(1370,325,911),(1371,530,911),(1372,176,827),(1373,366,827),(1374,176,922),(1375,366,922),(1376,598,572),(1377,797,572),(1378,598,671),(1379,797,671),(1380,68,403),(1381,296,403),(1382,68,517),(1383,296,517),(1384,771,746),(1385,1047,746),(1386,771,884),(1387,1047,884),(1388,446,763),(1389,794,763),(1390,446,937),(1391,794,937),(1392,966,612),(1393,1061,612),(1394,966,660),(1395,1061,660),(1396,652,670),(1397,745,670),(1398,652,716),(1399,745,716),(1400,1023,897),(1401,1111,897),(1402,1023,941),(1403,1111,941),(1404,319,725),(1405,496,725),(1406,319,813),(1407,496,813),(1408,707,554),(1409,891,554),(1410,707,646),(1411,891,646),(1412,35,575),(1413,258,575),(1414,35,687),(1415,258,687),(1416,232,640),(1417,408,640),(1418,232,728),(1419,408,728),(1420,659,748),(1421,859,748),(1422,659,848),(1423,859,848),(1424,176,829),(1425,361,829),(1426,176,922),(1427,361,922),(1428,58,465),(1429,272,465),(1430,58,572),(1431,272,572),(1432,600,571),(1433,800,571),(1434,600,671),(1435,800,671),(1436,832,595),(1437,1052,595),(1438,832,705),(1439,1052,705),(1440,779,748),(1441,1042,748),(1442,779,880),(1443,1042,880),(1444,322,807),(1445,533,807),(1446,322,913),(1447,533,913),(1448,612,319),(1449,930,319),(1450,612,478),(1451,930,478),(1452,438,765),(1453,787,765),(1454,438,939),(1455,787,939),(1456,970,614),(1457,1059,614),(1458,970,659),(1459,1059,659),(1460,1125,713),(1461,1235,713),(1462,1125,768),(1463,1235,768),(1464,928,582),(1465,1085,582),(1466,928,660),(1467,1085,660),(1468,49,584),(1469,244,584),(1470,49,682),(1471,244,682),(1472,706,553),(1473,895,553),(1474,706,647),(1475,895,647),(1476,730,639),(1477,916,639),(1478,730,732),(1479,916,732),(1480,824,590),(1481,1041,590),(1482,824,699),(1483,1041,699),(1484,309,728),(1485,495,728),(1486,309,821),(1487,495,821),(1488,335,812),(1489,524,812),(1490,335,906),(1491,524,906),(1492,177,827),(1493,366,827),(1494,177,922),(1495,366,922),(1496,983,863),(1497,1161,863),(1498,983,952),(1499,1161,952),(1500,685,355),(1501,887,355),(1502,685,456),(1503,887,456),(1504,57,461),(1505,281,461),(1506,57,573),(1507,281,573),(1508,602,572),(1509,799,572),(1510,602,670),(1511,799,670),(1512,771,746),(1513,1049,746),(1514,771,885),(1515,1049,885),(1516,551,285),(1517,948,285),(1518,551,484),(1519,948,484),(1520,68,123),(1521,542,123),(1522,68,360),(1523,542,360),(1524,272,366),(1525,354,366),(1526,272,407),(1527,354,407),(1528,386,372),(1529,471,372),(1530,386,414),(1531,471,414),(1532,875,455),(1533,965,455),(1534,875,500),(1535,965,500),(1536,1042,662),(1537,1126,662),(1538,1042,704),(1539,1126,704),(1540,48,430),(1541,140,430),(1542,48,476),(1543,140,476),(1544,579,425),(1545,754,425),(1546,579,513),(1547,754,513),(1548,536,603),(1549,726,603),(1550,536,698),(1551,726,698),(1552,784,687),(1553,897,687),(1554,784,744),(1555,897,744),(1556,1103,698),(1557,1220,698),(1558,1103,757),(1559,1220,757),(1560,696,784),(1561,820,784),(1562,696,846),(1563,820,846),(1564,785,235),(1565,952,235),(1566,785,319),(1567,952,319),(1568,830,576),(1569,1036,576),(1570,830,679),(1571,1036,679),(1572,47,579),(1573,248,579),(1574,47,680),(1575,248,680),(1576,1037,608),(1577,1223,608),(1578,1037,701),(1579,1223,701),(1580,455,671),(1581,639,671),(1582,455,763),(1583,639,763),(1584,309,725),(1585,510,725),(1586,309,826),(1587,510,826),(1588,174,828),(1589,365,828),(1590,174,923),(1591,365,923),(1592,691,350),(1593,889,350),(1594,691,449),(1595,889,449),(1596,53,457),(1597,283,457),(1598,53,572),(1599,283,572),(1600,45,522),(1601,247,522),(1602,45,624),(1603,247,624),(1604,690,539),(1605,914,539),(1606,690,651),(1607,914,651),(1608,603,572),(1609,798,572),(1610,603,669),(1611,798,669),(1612,322,582),(1613,572,582),(1614,322,707),(1615,572,707),(1616,724,634),(1617,922,634),(1618,724,733),(1619,922,733),(1620,956,847),(1621,1158,847),(1622,956,949),(1623,1158,949),(1624,433,769),(1625,784,769),(1626,433,945),(1627,784,945),(1628,644,690),(1629,1060,690),(1630,644,898),(1631,1060,898),(1632,644,664),(1633,727,664),(1634,644,706),(1635,727,706),(1636,923,674),(1637,1014,674),(1638,923,719),(1639,1014,719),(1640,696,784),(1641,820,784),(1642,696,846),(1643,820,846),(1644,826,574),(1645,1038,574),(1646,826,680),(1647,1038,680),(1648,321,806),(1649,528,806),(1650,321,910),(1651,528,910),(1652,56,451),(1653,278,451),(1654,56,562),(1655,278,562),(1656,710,554),(1657,890,554),(1658,710,644),(1659,890,644),(1660,603,577),(1661,788,577),(1662,603,669),(1663,788,669),(1664,460,676),(1665,635,676),(1666,460,764),(1667,635,764),(1668,305,729),(1669,504,729),(1670,305,828),(1671,504,828),(1672,174,827),(1673,366,827),(1674,174,923),(1675,366,923),(1676,38,577),(1677,253,577),(1678,38,685),(1679,253,685),(1680,342,594),(1681,563,594),(1682,342,704),(1683,563,704),(1684,1030,608),(1685,1224,608),(1686,1030,704),(1687,1224,704),(1688,970,855),(1689,1169,855),(1690,970,954),(1691,1169,954),(1692,794,752),(1693,1064,752),(1694,794,887),(1695,1064,887),(1696,498,259),(1697,957,259),(1698,498,489),(1699,957,489),(1700,657,698),(1701,1043,698),(1702,657,891),(1703,1043,891),(1704,640,661),(1705,741,661),(1706,640,711),(1707,741,711),(1708,915,669),(1709,1016,669),(1710,915,719),(1711,1016,719),(1712,26,741),(1713,140,741),(1714,26,799),(1715,140,799),(1716,172,333),(1717,298,333),(1718,172,396),(1719,298,396),(1720,1108,831),(1721,1261,831),(1722,1108,908),(1723,1261,908),(1724,712,555),(1725,889,555),(1726,712,644),(1727,889,644),(1728,453,690),(1729,638,690),(1730,453,783),(1731,638,783),(1732,833,579),(1733,1022,579),(1734,833,674),(1735,1022,674),(1736,316,723),(1737,509,723),(1738,316,820),(1739,509,820),(1740,169,825),(1741,370,825),(1742,169,926),(1743,370,926),(1744,55,453),(1745,275,453),(1746,55,563),(1747,275,563),(1748,285,565),(1749,479,565),(1750,285,661),(1751,479,661),(1752,31,572),(1753,259,572),(1754,31,686),(1755,259,686),(1756,295,798),(1757,541,798),(1758,295,921),(1759,541,921),(1760,336,586),(1761,576,586),(1762,336,706),(1763,576,706),(1764,676,642),(1765,904,642),(1766,676,756),(1767,904,756),(1768,808,553),(1769,1059,553),(1770,808,679),(1771,1059,679),(1772,420,638),(1773,736,638),(1774,420,796),(1775,736,796),(1776,667,648),(1777,993,648),(1778,667,811),(1779,993,811),(1780,449,768),(1781,790,768),(1782,449,938),(1783,790,938),(1784,477,250),(1785,962,250),(1786,477,493),(1787,962,493),(1788,562,416),(1789,658,416),(1790,562,464),(1791,658,464),(1792,1038,662),(1793,1125,662),(1794,1038,705),(1795,1125,705),(1796,30,451),(1797,131,451),(1798,30,501),(1799,131,501),(1800,992,586),(1801,1140,586),(1802,992,660),(1803,1140,660),(1804,100,653),(1805,204,653),(1806,100,705),(1807,204,705),(1808,388,250),(1809,508,250),(1810,388,310),(1811,508,310),(1812,498,457),(1813,641,457),(1814,498,528),(1815,641,528),(1816,261,554),(1817,419,554),(1818,261,633),(1819,419,633),(1820,535,606),(1821,726,606),(1822,535,702),(1823,726,702),(1824,188,511),(1825,370,511),(1826,188,602),(1827,370,602),(1828,269,513),(1829,487,513),(1830,269,622),(1831,487,622),(1832,243,138),(1833,468,138),(1834,243,251),(1835,468,251),(1836,412,538),(1837,643,538),(1838,412,654),(1839,643,654),(1840,410,495),(1841,882,495),(1842,410,731),(1843,882,731),(1844,737,650),(1845,833,650),(1846,737,698),(1847,833,698),(1848,1153,658),(1849,1241,658),(1850,1153,702),(1851,1241,702),(1852,1158,709),(1853,1244,709),(1854,1158,752),(1855,1244,752),(1856,111,383),(1857,279,383),(1858,111,467),(1859,279,467),(1860,317,724),(1861,496,724),(1862,317,813),(1863,496,813),(1864,710,553),(1865,893,553),(1866,710,645),(1867,893,645),(1868,599,571),(1869,798,571),(1870,599,671),(1871,798,671),(1872,869,625),(1873,1049,625),(1874,869,715),(1875,1049,715),(1876,1072,783),(1877,1243,783),(1878,1072,869),(1879,1243,869),(1880,174,826),(1881,367,826),(1882,174,922),(1883,367,922),(1884,58,455),(1885,281,455),(1886,58,567),(1887,281,567),(1888,33,574),(1889,256,574),(1890,33,686),(1891,256,686),(1892,813,559),(1893,1047,559),(1894,813,676),(1895,1047,676),(1896,317,802),(1897,536,802),(1898,317,912),(1899,536,912),(1900,293,568),(1901,599,568),(1902,293,721),(1903,599,721),(1904,445,758),(1905,807,758),(1906,445,939),(1907,807,939),(1908,665,648),(1909,991,648),(1910,665,811),(1911,991,811),(1912,536,284),(1913,943,284),(1914,536,487),(1915,943,487),(1916,647,698),(1917,1047,698),(1918,647,898),(1919,1047,898),(1920,1129,600),(1921,1225,600),(1922,1129,648),(1923,1225,648),(1924,920,674),(1925,1013,674),(1926,920,720),(1927,1013,720),(1928,788,687),(1929,900,687),(1930,788,743),(1931,900,743),(1932,456,710),(1933,627,710),(1934,456,796),(1935,627,796),(1936,320,715),(1937,494,715),(1938,320,802),(1939,494,802),(1940,695,544),(1941,907,544),(1942,695,651),(1943,907,651),(1944,602,574),(1945,793,574),(1946,602,670),(1947,793,670),(1948,167,822),(1949,369,822),(1950,167,923),(1951,369,923),(1952,818,563),(1953,1048,563),(1954,818,678),(1955,1048,678),(1956,28,572),(1957,263,572),(1958,28,690),(1959,263,690),(1960,56,460),(1961,285,460),(1962,56,575),(1963,285,575),(1964,295,565),(1965,593,565),(1966,295,714),(1967,593,714),(1968,454,775),(1969,780,775),(1970,454,938),(1971,780,938),(1972,445,249),(1973,954,249),(1974,445,504),(1975,954,504),(1976,650,691),(1977,1057,691),(1978,650,895),(1979,1057,895),(1980,1082,636),(1981,1175,636),(1982,1082,682),(1983,1175,682),(1984,1160,676),(1985,1252,676),(1986,1160,722),(1987,1252,722),(1988,419,538),(1989,651,538),(1990,419,655),(1991,651,655),(1992,504,558),(1993,822,558),(1994,504,717),(1995,822,717),(1996,510,528),(1997,934,528),(1998,510,740),(1999,934,740),(2000,124,475),(2001,210,475),(2002,124,518),(2003,210,518),(2004,645,666),(2005,730,666),(2006,645,708),(2007,730,708),(2008,185,334),(2009,289,334),(2010,185,386),(2011,289,386),(2012,911,673),(2013,1010,673),(2014,911,722),(2015,1010,722),(2016,788,686),(2017,896,686),(2018,788,740),(2019,896,740),(2020,628,650),(2021,764,650),(2022,628,718),(2023,764,718),(2024,314,721),(2025,503,721),(2026,314,816),(2027,503,816),(2028,709,554),(2029,891,554),(2030,709,645),(2031,891,645),(2032,600,575),(2033,792,575),(2034,600,671),(2035,792,671),(2036,34,578),(2037,253,578),(2038,34,688),(2039,253,688),(2040,322,583),(2041,576,583),(2042,322,710),(2043,576,710),(2044,324,807),(2045,525,807),(2046,324,907),(2047,525,907),(2048,177,828),(2049,366,828),(2050,177,923),(2051,366,923),(2052,800,553),(2053,1048,553),(2054,800,677),(2055,1048,677),(2056,667,648),(2057,993,648),(2058,667,811),(2059,993,811),(2060,454,762),(2061,816,762),(2062,454,943),(2063,816,943),(2064,464,251),(2065,952,251),(2066,464,495),(2067,952,495),(2068,564,418),(2069,651,418),(2070,564,461),(2071,651,461),(2072,6,471),(2073,94,471),(2074,6,515),(2075,94,515),(2076,408,256),(2077,500,256),(2078,408,302),(2079,500,302),(2080,575,436),(2081,680,436),(2082,575,488),(2083,680,488),(2084,356,396),(2085,461,396),(2086,356,448),(2087,461,448),(2088,1086,555),(2089,1206,555),(2090,1086,615),(2091,1206,615),(2092,1004,590),(2093,1134,590),(2094,1004,655),(2095,1134,655),(2096,687,651),(2097,888,651),(2098,687,752),(2099,888,752),(2100,803,482),(2101,935,482),(2102,803,548),(2103,935,548),(2104,754,523),(2105,910,523),(2106,754,601),(2107,910,601),(2108,430,456),(2109,593,456),(2110,430,537),(2111,593,537),(2112,1120,602),(2113,1272,602),(2114,1120,678),(2115,1272,678),(2116,95,97),(2117,271,97),(2118,95,185),(2119,271,185),(2120,185,336),(2121,288,336),(2122,185,388),(2123,288,388),(2124,907,669),(2125,1014,669),(2126,907,723),(2127,1014,723),(2128,112,511),(2129,224,511),(2130,112,567),(2131,224,567),(2132,192,728),(2133,320,728),(2134,192,792),(2135,320,792),(2136,27,742),(2137,141,742),(2138,27,800),(2139,141,800),(2140,601,574),(2141,791,574),(2142,601,669),(2143,791,669),(2144,45,525),(2145,243,525),(2146,45,625),(2147,243,625),(2148,707,553),(2149,890,553),(2150,707,645),(2151,890,645),(2152,848,599),(2153,1037,599),(2154,848,693),(2155,1037,693),(2156,34,576),(2157,255,576),(2158,34,686),(2159,255,686),(2160,330,589),(2161,565,589),(2162,330,707),(2163,565,707),(2164,309,723),(2165,498,723),(2166,309,818),(2167,498,818),(2168,180,828),(2169,367,828),(2170,180,922),(2171,367,922),(2172,62,464),(2173,270,464),(2174,62,568),(2175,270,568),(2176,319,804),(2177,531,804),(2178,319,910),(2179,531,910),(2180,678,656),(2181,980,656),(2182,678,807),(2183,980,807),(2184,681,707),(2185,1025,707),(2186,681,879),(2187,1025,879),(2188,21,556),(2189,347,556),(2190,21,719),(2191,347,719),(2192,589,730),(2193,893,730),(2194,589,882),(2195,893,882),(2196,552,284),(2197,937,284),(2198,552,476),(2199,937,476),(2200,436,238),(2201,975,238),(2202,436,508),(2203,975,508),(2204,733,406),(2205,828,406),(2206,733,454),(2207,828,454),(2208,19,409),(2209,117,409),(2210,19,458),(2211,117,458),(2212,443,520),(2213,533,520),(2214,443,565),(2215,533,565),(2216,207,601),(2217,324,601),(2218,207,659),(2219,324,659),(2220,1034,660),(2221,1130,660),(2222,1034,708),(2223,1130,708),(2224,31,675),(2225,143,675),(2226,31,731),(2227,143,731),(2228,354,395),(2229,462,395),(2230,354,449),(2231,462,449),(2232,1,444),(2233,92,444),(2234,1,489),(2235,92,489),(2236,714,452),(2237,811,452),(2238,714,500),(2239,811,500),(2240,742,426),(2241,846,426),(2242,742,478),(2243,846,478),(2244,610,447),(2245,725,447),(2246,610,505),(2247,725,505),(2248,790,472),(2249,948,472),(2250,790,551),(2251,948,551),(2252,546,612),(2253,711,612),(2254,546,694),(2255,711,694),(2256,994,586),(2257,1143,586),(2258,994,660),(2259,1143,660),(2260,431,473),(2261,615,473),(2262,431,565),(2263,615,565),(2264,75,95),(2265,260,95),(2266,75,187),(2267,260,187),(2268,310,517),(2269,515,517),(2270,310,619),(2271,515,619),(2272,521,573),(2273,807,573),(2274,521,716),(2275,807,716),(2276,251,461),(2277,602,461),(2278,251,637),(2279,602,637),(2280,1138,603),(2281,1228,603),(2282,1138,648),(2283,1228,648),(2284,641,662),(2285,727,662),(2286,641,705),(2287,727,705),(2288,914,671),(2289,1014,671),(2290,914,721),(2291,1014,721),(2292,793,694),(2293,886,694),(2294,793,740),(2295,886,740),(2296,114,515),(2297,223,515),(2298,114,569),(2299,223,569),(2300,311,721),(2301,497,721),(2302,311,814),(2303,497,814),(2304,456,697),(2305,636,697),(2306,456,787),(2307,636,787),(2308,702,549),(2309,897,549),(2310,702,647),(2311,897,647),(2312,604,573),(2313,794,573),(2314,604,668),(2315,794,668),(2316,35,577),(2317,255,577),(2318,35,687),(2319,255,687),(2320,315,578),(2321,578,578),(2322,315,710),(2323,578,710),(2324,179,831),(2325,359,831),(2326,179,921),(2327,359,921),(2328,68,465),(2329,270,465),(2330,68,567),(2331,270,567),(2332,316,806),(2333,533,806),(2334,316,915),(2335,533,915),(2336,681,659),(2337,972,659),(2338,681,805),(2339,972,805),(2340,445,760),(2341,805,760),(2342,445,940),(2343,805,940),(2344,528,276),(2345,945,276),(2346,528,485),(2347,945,485),(2348,642,687),(2349,1058,687),(2350,642,895),(2351,1058,895),(2352,784,916),(2353,625,442),(2354,669,442),(2355,810,916),(2356,625,486),(2357,784,942),(2358,669,486),(2359,810,942),(2360,922,724),(2361,995,838),(2362,963,724),(2363,922,765),(2364,963,765),(2365,1048,838),(2366,995,891),(2367,1048,891),(2368,1094,517),(2369,1133,517),(2370,1094,556),(2371,1133,556),(2372,921,724),(2373,604,242),(2374,962,724),(2375,896,242),(2376,604,534),(2377,921,765),(2378,896,534),(2379,962,765),(2380,1086,621),(2381,1150,621),(2382,1086,685),(2383,1150,685),(2384,897,537),(2385,1021,537),(2386,897,661),(2387,1021,661),(2388,936,157),(2389,1034,157),(2390,606,660),(2391,936,206),(2392,1034,206),(2393,692,660),(2394,606,703),(2395,692,703),(2396,420,408),(2397,176,336),(2398,518,408),(2399,292,336),(2400,420,457),(2401,176,394),(2402,518,457),(2403,292,394),(2404,650,436),(2405,755,436),(2406,704,835),(2407,650,488),(2408,801,835),(2409,755,488),(2410,704,883),(2411,801,883),(2412,500,461),(2413,597,461),(2414,1120,705),(2415,500,510),(2416,1244,705),(2417,597,510),(2418,1120,767),(2419,1244,767),(2420,549,608),(2421,174,804),(2422,724,608),(2423,312,804),(2424,549,696),(2425,174,873),(2426,724,696),(2427,312,873),(2428,271,670),(2429,474,670),(2430,310,724),(2431,502,724),(2432,271,772),(2433,310,820),(2434,474,772),(2435,502,820),(2436,622,398),(2437,801,398),(2438,216,106),(2439,622,488),(2440,401,106),(2441,801,488),(2442,216,199),(2443,401,199),(2444,370,231),(2445,74,466),(2446,541,231),(2447,370,317),(2448,266,466),(2449,74,562),(2450,541,317),(2451,266,562),(2452,1062,645),(2453,1261,645),(2454,1062,744),(2455,1261,744),(2456,704,552),(2457,488,545),(2458,830,545),(2459,890,552),(2460,488,716),(2461,704,645),(2462,890,645),(2463,830,716),(2464,598,574),(2465,794,574),(2466,598,672),(2467,794,672),(2468,172,827),(2469,364,827),(2470,172,923),(2471,364,923),(2472,26,572),(2473,260,572),(2474,26,689),(2475,260,689),(2476,332,586),(2477,573,586),(2478,332,706),(2479,573,706),(2480,332,807),(2481,530,807),(2482,332,906),(2483,530,906),(2484,668,357),(2485,884,357),(2486,668,465),(2487,884,465),(2488,786,759),(2489,1027,759),(2490,786,880),(2491,1027,880),(2492,494,258),(2493,961,258),(2494,494,491),(2495,961,491),(2496,525,661),(2497,920,661),(2498,525,859),(2499,920,859),(2500,85,367),(2501,173,367),(2502,85,411),(2503,173,411),(2504,397,517),(2505,485,517),(2506,397,561),(2507,485,561),(2508,489,240),(2509,581,240),(2510,489,286),(2511,581,286),(2512,898,528),(2513,1000,528),(2514,898,578),(2515,1000,578),(2516,109,529),(2517,261,529),(2518,109,605),(2519,261,605),(2520,435,465),(2521,616,465),(2522,435,555),(2523,616,555),(2524,251,480),(2525,416,480),(2526,251,563),(2527,416,563),(2528,545,604),(2529,731,604),(2530,545,697),(2531,731,697),(2532,269,669),(2533,474,669),(2534,269,772),(2535,474,772),(2536,988,584),(2537,1145,584),(2538,988,662),(2539,1145,662),(2540,582,419),(2541,759,419),(2542,582,507),(2543,759,507),(2544,636,631),(2545,820,631),(2546,636,723),(2547,820,723),(2548,242,132),(2549,467,132),(2550,242,244),(2551,467,244),(2552,388,347),(2553,485,347),(2554,388,395),(2555,485,395),(2556,222,762),(2557,320,762),(2558,222,811),(2559,320,811),(2560,650,907),(2561,740,907),(2562,650,952),(2563,740,952),(2564,181,336),(2565,293,336),(2566,181,392),(2567,293,392),(2568,909,673),(2569,1011,673),(2570,909,724),(2571,1011,724),(2572,29,743),(2573,143,743),(2574,29,800),(2575,143,800),(2576,787,685),(2577,901,685),(2578,787,743),(2579,901,743),(2580,80,418),(2581,283,418),(2582,80,520),(2583,283,520),(2584,78,473),(2585,263,473),(2586,78,565),(2587,263,565),(2588,598,572),(2589,798,572),(2590,598,672),(2591,798,672),(2592,304,733),(2593,498,733),(2594,304,830),(2595,498,830),(2596,324,808),(2597,526,808),(2598,324,909),(2599,526,909),(2600,163,819),(2601,378,819),(2602,163,927),(2603,378,927),(2604,33,575),(2605,253,575),(2606,33,685),(2607,253,685),(2608,777,756),(2609,1030,756),(2610,777,883),(2611,1030,883),(2612,522,269),(2613,956,269),(2614,522,486),(2615,956,486),(2616,419,251),(2617,512,251),(2618,419,297),(2619,512,297),(2620,568,418),(2621,656,418),(2622,568,462),(2623,656,462),(2624,664,432),(2625,752,432),(2626,664,476),(2627,752,476),(2628,988,468),(2629,1078,468),(2630,988,513),(2631,1078,513),(2632,400,482),(2633,498,482),(2634,400,531),(2635,498,531),(2636,907,532),(2637,995,532),(2638,907,576),(2639,995,576),(2640,239,456),(2641,339,456),(2642,239,506),(2643,339,506),(2644,825,502),(2645,927,502),(2646,825,553),(2647,927,553),(2648,236,520),(2649,350,520),(2650,236,577),(2651,350,577),(2652,1086,558),(2653,1210,558),(2654,1086,620),(2655,1210,620),(2656,179,578),(2657,339,578),(2658,179,658),(2659,339,658),(2660,1005,590),(2661,1135,590),(2662,1005,655),(2663,1135,655),(2664,296,523),(2665,465,523),(2666,296,608),(2667,465,608),(2668,410,549),(2669,578,549),(2670,410,633),(2671,578,633),(2672,271,670),(2673,468,670),(2674,271,769),(2675,468,769),(2676,450,448),(2677,660,448),(2678,450,553),(2679,660,553),(2680,5,559),(2681,161,559),(2682,5,637),(2683,161,637),(2684,219,502),(2685,390,502),(2686,219,588),(2687,390,588),(2688,81,523),(2689,284,523),(2690,81,624),(2691,284,624),(2692,659,591),(2693,851,591),(2694,659,687),(2695,851,687),(2696,710,659),(2697,912,659),(2698,710,760),(2699,912,760),(2700,1062,642),(2701,1270,642),(2702,1062,746),(2703,1270,746),(2704,244,136),(2705,462,136),(2706,244,245),(2707,462,245),(2708,319,470),(2709,638,470),(2710,319,630),(2711,638,630),(2712,465,527),(2713,832,527),(2714,465,711),(2715,832,711),(2716,63,441),(2717,151,441),(2718,63,485),(2719,151,485),(2720,1086,557),(2721,1206,557),(2722,1086,617),(2723,1206,617),(2724,18,617),(2725,120,617),(2726,18,668),(2727,120,668),(2728,126,560),(2729,294,560),(2730,126,644),(2731,294,644),(2732,547,609),(2733,714,609),(2734,547,692),(2735,714,692),(2736,268,670),(2737,469,670),(2738,268,771),(2739,469,771),(2740,443,471),(2741,630,471),(2742,443,565),(2743,630,565),(2744,1078,650),(2745,1247,650),(2746,1078,734),(2747,1247,734),(2748,1105,599),(2749,1261,599),(2750,1105,677),(2751,1261,677),(2752,615,614),(2753,860,614),(2754,615,737),(2755,860,737),(2756,285,471),(2757,584,471),(2758,285,621),(2759,584,621),(2760,605,660),(2761,692,660),(2762,605,703),(2763,692,703),(2764,674,712),(2765,763,712),(2766,674,756),(2767,763,756),(2768,110,512),(2769,225,512),(2770,110,569),(2771,225,569),(2772,263,127),(2773,372,127),(2774,263,181),(2775,372,181),(2776,183,734),(2777,318,734),(2778,183,801),(2779,318,801),(2780,166,326),(2781,308,326),(2782,166,397),(2783,308,397),(2784,319,738),(2785,497,738),(2786,319,827),(2787,497,827),(2788,687,358),(2789,888,358),(2790,687,459),(2791,888,459),(2792,710,560),(2793,877,560),(2794,710,644),(2795,877,644),(2796,454,363),(2797,638,363),(2798,454,455),(2799,638,455),(2800,87,424),(2801,270,424),(2802,87,515),(2803,270,515),(2804,75,474),(2805,259,474),(2806,75,566),(2807,259,566),(2808,598,569),(2809,800,569),(2810,598,670),(2811,800,670),(2812,168,823),(2813,370,823),(2814,168,924),(2815,370,924),(2816,33,576),(2817,255,576),(2818,33,687),(2819,255,687),(2820,317,803),(2821,529,803),(2822,317,909),(2823,529,909),(2824,297,563),(2825,586,563),(2826,297,708),(2827,586,708),(2828,253,252),(2829,337,252),(2830,253,294),(2831,337,294),(2832,408,261),(2833,494,261),(2834,408,304),(2835,494,304),(2836,106,298),(2837,202,298),(2838,106,346),(2839,202,346),(2840,808,440),(2841,900,440),(2842,808,486),(2843,900,486),(2844,232,447),(2845,318,447),(2846,232,490),(2847,318,490),(2848,414,453),(2849,558,453),(2850,414,525),(2851,558,525),(2852,680,103),(2853,806,103),(2854,680,166),(2855,806,166),(2856,498,433),(2857,636,433),(2858,498,502),(2859,636,502),(2860,1085,556),(2861,1222,556),(2862,1085,624),(2863,1222,624),(2864,273,671),(2865,471,671),(2866,273,770),(2867,471,770),(2868,637,397),(2869,786,397),(2870,637,471),(2871,786,471),(2872,472,520),(2873,631,520),(2874,472,599),(2875,631,599),(2876,1081,651),(2877,1250,651),(2878,1081,736),(2879,1250,736),(2880,367,214),(2881,556,214),(2882,367,308),(2883,556,308),(2884,606,408),(2885,795,408),(2886,606,502),(2887,795,502),(2888,704,474),(2889,938,474),(2890,704,591),(2891,938,591),(2892,289,493),(2893,469,493),(2894,289,583),(2895,469,583),(2896,909,672),(2897,609,617),(2898,1010,672),(2899,861,617),(2900,909,722),(2901,609,743),(2902,861,743),(2903,1010,722),(2904,30,744),(2905,144,744),(2906,30,802),(2907,144,802),(2908,853,591),(2909,990,591),(2910,853,659),(2911,990,659),(2912,86,426),(2913,269,426),(2914,86,518),(2915,269,518),(2916,464,705),(2917,633,705),(2918,464,790),(2919,633,790),(2920,683,360),(2921,882,360),(2922,683,460),(2923,882,460),(2924,84,468),(2925,260,468),(2926,84,556),(2927,260,556),(2928,303,728),(2929,511,728),(2930,303,832),(2931,511,832),(2932,168,788),(2933,350,788),(2934,168,879),(2935,350,879),(2936,165,824),(2937,371,824),(2938,165,927),(2939,371,927),(2940,599,570),(2941,798,570),(2942,599,669),(2943,798,669),(2944,296,565),(2945,592,565),(2946,296,713),(2947,592,713),(2948,448,237),(2949,980,237),(2950,448,503),(2951,980,503),(2952,567,418),(2953,655,418),(2954,567,462),(2955,655,462),(2956,450,464),(2957,540,464),(2958,450,509),(2959,540,509),(2960,593,463),(2961,683,463),(2962,593,508),(2963,683,508),(2964,995,564),(2965,1081,564),(2966,995,607),(2967,1081,607),(2968,422,405),(2969,519,405),(2970,422,453),(2971,519,453),(2972,648,449),(2973,740,449),(2974,648,495),(2975,740,495),(2976,681,102),(2977,808,102),(2978,681,166),(2979,808,166),(2980,40,435),(2981,164,435),(2982,40,497),(2983,164,497),(2984,502,445),(2985,640,445),(2986,502,514),(2987,640,514),(2988,274,672),(2989,470,672),(2990,274,770),(2991,470,770),(2992,787,422),(2993,948,422),(2994,787,503),(2995,948,503),(2996,990,586),(2997,1143,586),(2998,990,662),(2999,1143,662),(3000,1110,598),(3001,1270,598),(3002,1110,678),(3003,1270,678),(3004,793,677),(3005,253,141),(3006,883,677),(3007,457,141),(3008,253,243),(3009,793,722),(3010,457,243),(3011,883,722),(3012,704,378),(3013,673,713),(3014,893,378),(3015,761,713),(3016,704,472),(3017,673,757),(3018,893,472),(3019,761,757),(3020,254,122),(3021,379,122),(3022,254,184),(3023,379,184),(3024,909,674),(3025,1010,674),(3026,909,724),(3027,1010,724),(3028,30,743),(3029,141,743),(3030,30,799),(3031,141,799),(3032,182,339),(3033,283,339),(3034,182,389),(3035,283,389),(3036,1130,716),(3037,1234,716),(3038,1130,768),(3039,1234,768),(3040,786,685),(3041,899,685),(3042,786,742),(3043,899,742),(3044,169,792),(3045,339,792),(3046,169,877),(3047,339,877),(3048,455,362),(3049,635,362),(3050,455,452),(3051,635,452),(3052,83,425),(3053,265,425),(3054,83,516),(3055,265,516),(3056,596,571),(3057,795,571),(3058,596,670),(3059,795,670),(3060,448,697),(3061,638,697),(3062,448,792),(3063,638,792),(3064,326,733),(3065,509,733),(3066,326,824),(3067,509,824),(3068,300,566),(3069,591,566),(3070,300,712),(3071,591,712),(3072,517,265),(3073,962,265),(3074,517,487),(3075,962,487),(3076,384,497),(3077,517,497),(3078,384,564),(3079,517,564),(3080,1004,590),(3081,1135,590),(3082,1004,655),(3083,1135,655),(3084,139,596),(3085,304,596),(3086,139,679),(3087,304,679),(3088,811,485),(3089,961,485),(3090,811,561),(3091,961,561),(3092,666,515),(3093,851,515),(3094,666,608),(3095,851,608),(3096,1114,602),(3097,1266,602),(3098,1114,678),(3099,1266,678),(3100,710,658),(3101,911,658),(3102,710,759),(3103,911,759),(3104,265,668),(3105,454,668),(3106,265,763),(3107,454,763),(3108,538,592),(3109,746,592),(3110,538,696),(3111,746,696),(3112,239,132),(3113,467,132),(3114,239,246),(3115,467,246),(3116,373,454),(3117,904,454),(3118,373,720),(3119,904,720),(3120,663,409),(3121,765,409),(3122,663,460),(3123,765,460),(3124,506,565),(3125,634,565),(3126,506,629),(3127,634,629),(3128,631,653),(3129,724,653),(3130,631,699),(3131,724,699),(3132,32,439),(3133,156,439),(3134,32,501),(3135,156,501),(3136,253,406),(3137,402,406),(3138,253,480),(3139,402,480),(3140,399,484),(3141,582,484),(3142,399,576),(3143,582,576),(3144,276,685),(3145,429,685),(3146,276,762),(3147,429,762),(3148,626,625),(3149,845,625),(3150,626,735),(3151,845,735),(3152,279,446),(3153,730,446),(3154,279,671),(3155,730,671),(3156,1086,557),(3157,1212,557),(3158,1086,620),(3159,1212,620),(3160,554,615),(3161,715,615),(3162,554,695),(3163,715,695),(3164,453,217),(3165,629,217),(3166,453,305),(3167,629,305),(3168,906,340),(3169,1105,340),(3170,906,440),(3171,1105,440),(3172,435,549),(3173,641,549),(3174,435,652),(3175,641,652),(3176,270,674),(3177,450,674),(3178,270,764),(3179,450,764),(3180,603,598),(3181,899,598),(3182,603,746),(3183,899,746),(3184,128,517),(3185,220,517),(3186,128,563),(3187,220,563),(3188,610,664),(3189,692,664),(3190,610,705),(3191,692,705),(3192,1152,655),(3193,1245,655),(3194,1152,701),(3195,1245,701),(3196,134,385),(3197,281,385),(3198,134,459),(3199,281,459),(3200,1134,600),(3201,1238,600),(3202,1134,652),(3203,1238,652),(3204,184,336),(3205,302,336),(3206,184,395),(3207,302,395),(3208,786,684),(3209,898,684),(3210,786,740),(3211,898,740),(3212,6,503),(3213,119,503),(3214,6,560),(3215,119,560),(3216,654,701),(3217,771,701),(3218,654,760),(3219,771,760),(3220,464,706),(3221,635,706),(3222,464,792),(3223,635,792),(3224,310,735),(3225,495,735),(3226,310,827),(3227,495,827),(3228,608,572),(3229,797,572),(3230,608,666),(3231,797,666),(3232,92,105),(3233,540,105),(3234,92,329),(3235,540,329),(3236,485,253),(3237,968,253),(3238,485,495),(3239,968,495),(3240,543,662),(3241,911,662),(3242,543,846),(3243,911,846),(3244,499,393),(3245,587,393),(3246,499,437),(3247,587,437),(3248,371,499),(3249,522,499),(3250,371,574),(3251,522,574),(3252,280,553),(3253,416,553),(3254,280,621),(3255,416,621),(3256,548,448),(3257,664,448),(3258,548,506),(3259,664,506),(3260,1086,558),(3261,1202,558),(3262,1086,616),(3263,1202,616),(3264,701,394),(3265,818,394),(3266,701,453),(3267,818,453),(3268,40,613),(3269,226,613),(3270,40,706),(3271,226,706),(3272,1072,646),(3273,1257,646),(3274,1072,738),(3275,1257,738),(3276,275,674),(3277,454,674),(3278,275,764),(3279,454,764),(3280,526,584),(3281,746,584),(3282,526,694),(3283,746,694),(3284,611,599),(3285,901,599),(3286,611,744),(3287,901,744),(3288,280,136),(3289,362,136),(3290,280,177),(3291,362,177),(3292,402,134),(3293,484,134),(3294,402,175),(3295,484,175),(3296,159,398),(3297,262,398),(3298,159,449),(3299,262,449),(3300,610,661),(3301,693,661),(3302,610,703),(3303,693,703),(3304,1160,708),(3305,1246,708),(3306,1160,751),(3307,1246,751),(3308,789,687),(3309,896,687),(3310,789,741),(3311,896,741),(3312,656,709),(3313,763,709),(3314,656,763),(3315,763,763),(3316,186,336),(3317,295,336),(3318,186,391),(3319,295,391),(3320,314,736),(3321,498,736),(3322,314,828),(3323,498,828),(3324,114,380),(3325,292,380),(3326,114,469),(3327,292,469),(3328,468,710),(3329,636,710),(3330,468,794),(3331,636,794),(3332,603,575),(3333,792,575),(3334,603,669),(3335,792,669),(3336,287,563),(3337,599,563),(3338,287,719),(3339,599,719),(3340,515,260),(3341,981,260),(3342,515,493),(3343,981,493),(3344,141,390),(3345,277,390),(3346,141,458),(3347,277,458),(3348,786,682),(3349,894,682),(3350,786,736),(3351,894,736),(3352,664,710),(3353,762,710),(3354,664,759),(3355,762,759),(3356,1140,716),(3357,1232,716),(3358,1140,762),(3359,1232,762),(3360,908,670),(3361,1014,670),(3362,908,723),(3363,1014,723),(3364,842,586),(3365,1002,586),(3366,842,666),(3367,1002,666),(3368,476,707),(3369,643,707),(3370,476,791),(3371,643,791),(3372,323,736),(3373,505,736),(3374,323,827),(3375,505,827),(3376,213,173),(3377,435,173),(3378,213,284),(3379,435,284),(3380,319,582),(3381,567,582),(3382,319,706),(3383,567,706),(3384,180,829),(3385,364,829),(3386,180,921),(3387,364,921),(3388,23,451),(3389,288,451),(3390,23,583),(3391,288,583),(3392,511,263),(3393,956,263),(3394,511,485),(3395,956,485),(3396,686,394),(3397,791,394),(3398,686,446),(3399,791,446),(3400,426,413),(3401,523,413),(3402,426,461),(3403,523,461),(3404,679,98),(3405,816,98),(3406,679,167),(3407,816,167),(3408,459,474),(3409,574,474),(3410,459,532),(3411,574,532),(3412,231,589),(3413,358,589),(3414,231,653),(3415,358,653),(3416,994,586),(3417,1137,586),(3418,994,658),(3419,1137,658),(3420,558,615),(3421,714,615),(3422,558,693),(3423,714,693),(3424,86,349),(3425,262,349),(3426,86,437),(3427,262,437),(3428,270,667),(3429,457,667),(3430,270,761),(3431,457,761),(3432,613,618),(3433,822,618),(3434,613,722),(3435,822,722),(3436,1008,534),(3437,1215,534),(3438,1008,638),(3439,1215,638),(3440,892,380),(3441,980,380),(3442,892,424),(3443,980,424),(3444,588,434),(3445,683,434),(3446,588,482),(3447,683,482),(3448,1045,602),(3449,1137,602),(3450,1045,648),(3451,1137,648),(3452,368,522),(3453,521,522),(3454,368,599),(3455,521,599),(3456,458,523),(3457,605,523),(3458,458,597),(3459,605,597),(3460,1008,590),(3461,1131,590),(3462,1008,652),(3463,1131,652),(3464,96,346),(3465,263,346),(3466,96,429),(3467,263,429),(3468,408,464),(3469,612,464),(3470,408,566),(3471,612,566),(3472,1067,647),(3473,1257,647),(3474,1067,742),(3475,1257,742),(3476,267,672),(3477,452,672),(3478,267,764),(3479,452,764),(3480,930,348),(3481,1122,348),(3482,930,444),(3483,1122,444),(3484,731,432),(3485,920,432),(3486,731,527),(3487,920,527),(3488,647,642),(3489,839,642),(3490,647,738),(3491,839,738),(3492,600,585),(3493,976,585),(3494,600,773),(3495,976,773),(3496,1151,712),(3497,1239,712),(3498,1151,756),(3499,1239,756),(3500,158,395),(3501,265,395),(3502,158,449),(3503,265,449),(3504,172,330),(3505,303,330),(3506,172,396),(3507,303,396),(3508,789,683),(3509,897,683),(3510,789,737),(3511,897,737),(3512,910,673),(3513,1012,673),(3514,910,723),(3515,1012,723),(3516,652,704),(3517,768,704),(3518,652,762),(3519,768,762),(3520,163,165),(3521,321,165),(3522,163,244),(3523,321,244),(3524,835,584),(3525,997,584),(3526,835,665),(3527,997,665),(3528,453,365),(3529,630,365),(3530,453,453),(3531,630,453),(3532,225,172),(3533,418,172),(3534,225,269),(3535,418,269),(3536,503,222),(3537,685,222),(3538,503,313),(3539,685,313),(3540,599,572),(3541,797,572),(3542,599,671),(3543,797,671),(3544,458,696),(3545,659,696),(3546,458,797),(3547,659,797),(3548,303,732),(3549,498,732),(3550,303,830),(3551,498,830),(3552,28,573),(3553,256,573),(3554,28,687),(3555,256,687),(3556,545,286),(3557,927,286),(3558,545,477),(3559,927,477),(3560,551,667),(3561,905,667),(3562,551,844),(3563,905,844),(3564,751,404),(3565,846,404),(3566,751,451),(3567,846,451),(3568,427,414),(3569,519,414),(3570,427,460),(3571,519,460),(3572,980,565),(3573,1075,565),(3574,980,612),(3575,1075,612),(3576,471,592),(3577,579,592),(3578,471,646),(3579,579,646),(3580,1000,590),(3581,1136,590),(3582,1000,658),(3583,1136,658),(3584,565,615),(3585,722,615),(3586,565,693),(3587,722,693),(3588,251,140),(3589,459,140),(3590,251,244),(3591,459,244),(3592,1077,645),(3593,1262,645),(3594,1077,737),(3595,1262,737),(3596,261,669),(3597,450,669),(3598,261,763),(3599,450,763),(3600,430,548),(3601,631,548),(3602,430,649),(3603,631,649),(3604,514,570),(3605,791,570),(3606,514,708),(3607,791,708),(3608,606,602),(3609,892,602),(3610,606,745),(3611,892,745),(3612,409,258),(3613,499,258),(3614,409,303),(3615,499,303),(3616,384,372),(3617,468,372),(3618,384,414),(3619,468,414),(3620,54,377),(3621,150,377),(3622,54,425),(3623,150,425),(3624,871,383),(3625,958,383),(3626,871,426),(3627,958,426),(3628,424,410),(3629,526,410),(3630,424,461),(3631,526,461),(3632,631,419),(3633,729,419),(3634,631,468),(3635,729,468),(3636,253,517),(3637,341,517),(3638,253,561),(3639,341,561),(3640,730,423),(3641,829,423),(3642,730,473),(3643,829,473),(3644,248,593),(3645,363,593),(3646,248,651),(3647,363,651),(3648,1043,600),(3649,1142,600),(3650,1043,650),(3651,1142,650),(3652,549,608),(3653,726,608),(3654,549,696),(3655,726,696),(3656,260,149),(3657,449,149),(3658,260,243),(3659,449,243),(3660,1067,647),(3661,1259,647),(3662,1067,743),(3663,1259,743),(3664,275,676),(3665,453,676),(3666,275,765),(3667,453,765),(3668,124,517),(3669,222,517),(3670,124,566),(3671,222,566),(3672,611,664),(3673,693,664),(3674,611,705),(3675,693,705),(3676,667,709),(3677,767,709),(3678,667,759),(3679,767,759),(3680,184,339),(3681,284,339),(3682,184,389),(3683,284,389),(3684,30,744),(3685,138,744),(3686,30,798),(3687,138,798),(3688,907,670),(3689,1016,670),(3690,907,725),(3691,1016,725),(3692,796,730),(3693,911,730),(3694,796,787),(3695,911,787),(3696,783,684),(3697,900,684),(3698,783,743),(3699,900,743),(3700,465,701),(3701,649,701),(3702,465,793),(3703,649,793),(3704,440,353),(3705,639,353),(3706,440,453),(3707,639,453),(3708,42,465),(3709,275,465),(3710,42,582),(3711,275,582),(3712,310,734),(3713,506,734),(3714,310,832),(3715,506,832),(3716,178,830),(3717,362,830),(3718,178,922),(3719,362,922),(3720,684,354),(3721,896,354),(3722,684,460),(3723,896,460),(3724,594,566),(3725,806,566),(3726,594,672),(3727,806,672),(3728,544,664),(3729,912,664),(3730,544,848),(3731,912,848),(3732,953,74),(3733,1041,74),(3734,953,118),(3735,1041,118),(3736,375,369),(3737,475,369),(3738,375,419),(3739,475,419),(3740,243,398),(3741,345,398),(3742,243,449),(3743,345,449),(3744,431,414),(3745,521,414),(3746,431,459),(3747,521,459),(3748,754,443),(3749,852,443),(3750,754,492),(3751,852,492),(3752,206,453),(3753,295,453),(3754,206,497),(3755,295,497),(3756,1047,604),(3757,1137,604),(3758,1047,649),(3759,1137,649),(3760,182,433),(3761,287,433),(3762,182,486),(3763,287,486),(3764,511,447),(3765,611,447),(3766,511,497),(3767,611,497),(3768,644,418),(3769,762,418),(3770,644,477),(3771,762,477),(3772,536,601),(3773,689,601),(3774,536,677),(3775,689,677),(3776,1008,591),(3777,1132,591),(3778,1008,653),(3779,1132,653),(3780,752,674),(3781,953,674),(3782,752,775),(3783,953,775),(3784,280,681),(3785,445,681),(3786,280,763),(3787,445,763),(3788,113,340),(3789,263,340),(3790,113,415),(3791,263,415),(3792,356,517),(3793,545,517),(3794,356,612),(3795,545,612),(3796,1107,596),(3797,1271,596),(3798,1107,678),(3799,1271,678),(3800,834,600),(3801,1018,600),(3802,834,692),(3803,1018,692),(3804,152,410),(3805,341,410),(3806,152,504),(3807,523,252),(3808,341,504),(3809,626,252),(3810,523,303),(3811,459,508),(3812,626,303),(3813,886,508),(3814,459,722),(3815,913,674),(3816,886,722),(3817,1010,674),(3818,913,722),(3819,1010,722),(3820,182,336),(3821,288,336),(3822,182,389),(3823,288,389),(3824,790,687),(3825,898,687),(3826,790,741),(3827,898,741),(3828,122,387),(3829,287,387),(3830,122,470),(3831,287,470),(3832,468,705),(3833,638,705),(3834,468,790),(3835,638,790),(3836,153,155),(3837,338,155),(3838,153,248),(3839,338,248),(3840,819,567),(3841,1023,567),(3842,819,670),(3843,1023,670),(3844,309,730),(3845,501,730),(3846,309,826),(3847,501,826),(3848,684,342),(3849,902,342),(3850,684,451),(3851,902,451),(3852,320,582),(3853,574,582),(3854,320,709),(3855,574,709),(3856,308,794),(3857,543,794),(3858,308,912),(3859,543,912),(3860,25,453),(3861,281,453),(3862,25,581),(3863,281,581),(3864,557,668),(3865,901,668),(3866,557,840),(3867,901,840),(3868,557,278),(3869,953,278),(3870,557,476),(3871,953,476),(3872,255,622),(3873,907,622),(3874,255,948),(3875,907,948),(3876,380,370),(3877,471,370),(3878,380,415),(3879,471,415),(3880,730,397),(3881,825,397),(3882,730,445),(3883,825,445),(3884,422,411),(3885,523,411),(3886,422,461),(3887,523,461),(3888,210,556),(3889,314,556),(3890,210,608),(3891,314,608),(3892,1043,601),(3893,1138,601),(3894,1043,648),(3895,1138,648),(3896,1034,661),(3897,1130,661),(3898,1034,709),(3899,1130,709),(3900,379,730),(3901,483,730),(3902,379,782),(3903,483,782),(3904,277,680),(3905,442,680),(3906,277,762),(3907,442,762),(3908,985,586),(3909,125,478),(3910,210,478),(3911,1136,586),(3912,125,520),(3913,985,662),(3914,210,520),(3915,1136,662),(3916,21,538),(3917,111,538),(3918,871,572),(3919,1041,572),(3920,21,583),(3921,871,657),(3922,111,583),(3923,1041,657),(3924,184,336),(3925,166,546),(3926,294,336),(3927,334,546),(3928,184,391),(3929,166,630),(3930,294,391),(3931,334,630),(3932,156,399),(3933,1075,648),(3934,1257,648),(3935,258,399),(3936,156,450),(3937,1075,739),(3938,258,450),(3939,1257,739),(3940,915,675),(3941,609,603),(3942,1011,675),(3943,889,603),(3944,915,723),(3945,609,743),(3946,1011,723),(3947,889,743),(3948,790,687),(3949,897,687),(3950,790,741),(3951,897,741),(3952,30,741),(3953,147,741),(3954,30,800),(3955,147,800),(3956,458,703),(3957,642,703),(3958,458,795),(3959,642,795),(3960,311,732),(3961,507,732),(3962,311,830),(3963,507,830),(3964,550,666),(3965,903,666),(3966,550,843),(3967,903,843),(3968,560,287),(3969,947,287),(3970,560,480),(3971,947,480),(3972,376,104),(3973,811,104),(3974,376,321),(3975,811,321),(3976,532,257),(3977,622,257),(3978,532,302),(3979,622,302),(3980,787,684),(3981,899,684),(3982,787,740),(3983,899,740),(3984,462,366),(3985,625,366),(3986,462,448),(3987,625,448),(3988,462,702),(3989,641,702),(3990,462,792),(3991,641,792),(3992,314,733),(3993,506,733),(3994,314,829),(3995,506,829),(3996,674,353),(3997,898,353),(3998,674,465),(3999,898,465),(4000,832,579),(4001,1029,579),(4002,832,677),(4003,1029,677),(4004,590,562),(4005,808,562),(4006,590,671),(4007,808,671),(4008,21,452),(4009,286,452),(4010,21,584),(4011,286,584),(4012,556,285),(4013,940,285),(4014,556,477),(4015,940,477),(4016,546,664),(4017,906,664),(4018,546,844),(4019,906,844),(4020,162,403),(4021,252,403),(4022,162,448),(4023,252,448),(4024,124,521),(4025,212,521),(4026,124,565),(4027,212,565),(4028,786,687),(4029,896,687),(4030,786,742),(4031,896,742),(4032,1106,700),(4033,1231,700),(4034,1106,762),(4035,1231,762),(4036,456,360),(4037,632,360),(4038,456,448),(4039,632,448),(4040,464,702),(4041,648,702),(4042,464,794),(4043,648,794),(4044,677,358),(4045,889,358),(4046,677,464),(4047,889,464),(4048,317,730),(4049,509,730),(4050,317,826),(4051,509,826),(4052,599,569),(4053,802,569),(4054,599,671),(4055,802,671),(4056,829,579),(4057,1037,579),(4058,829,683),(4059,1037,683),(4060,36,451),(4061,285,451),(4062,36,575),(4063,285,575),(4064,554,667),(4065,901,667),(4066,554,841),(4067,901,841),(4068,241,578),(4069,962,578),(4070,241,938),(4071,962,938),(4072,151,332),(4073,241,332),(4074,151,377),(4075,241,377),(4076,289,358),(4077,377,358),(4078,289,402),(4079,377,402),(4080,382,370),(4081,472,370),(4082,382,415),(4083,472,415),(4084,910,377),(4085,995,377),(4086,910,419),(4087,995,419),(4088,688,430),(4089,787,430),(4090,688,479),(4091,787,479),(4092,574,436),(4093,675,436),(4094,574,486),(4095,675,486),(4096,447,465),(4097,546,465),(4098,447,514),(4099,546,514),(4100,252,516),(4101,343,516),(4102,252,561),(4103,343,561),(4104,416,408),(4105,527,408),(4106,416,464),(4107,527,464),(4108,441,559),(4109,619,559),(4110,441,648),(4111,619,648),(4112,273,676),(4113,446,676),(4114,273,763),(4115,446,763),(4116,1068,543),(4117,1233,543),(4118,1068,626),(4119,1233,626),(4120,973,581),(4121,1136,581),(4122,973,663),(4123,1136,663),(4124,677,395),(4125,845,395),(4126,677,479),(4127,845,479),(4128,1067,645),(4129,1260,645),(4130,1067,741),(4131,1260,741),(4132,606,607),(4133,872,607),(4134,606,740),(4135,872,740),(4136,124,477),(4137,210,477),(4138,124,520),(4139,210,520),(4140,1158,614),(4141,1254,614),(4142,1158,662),(4143,1254,662),(4144,920,675),(4145,1012,675),(4146,920,721),(4147,1012,721),(4148,187,340),(4149,282,340),(4150,187,387),(4151,282,387),(4152,788,685),(4153,898,685),(4154,788,740),(4155,898,740),(4156,102,623),(4157,209,623),(4158,102,676),(4159,209,676),(4160,1126,714),(4161,1235,714),(4162,1126,769),(4163,1235,769),(4164,791,729),(4165,912,729),(4166,791,789),(4167,912,789),(4168,472,704),(4169,643,704),(4170,472,790),(4171,643,790),(4172,497,217),(4173,687,217),(4174,497,312),(4175,687,312),(4176,597,573),(4177,794,573),(4178,597,672),(4179,794,672),(4180,310,733),(4181,499,733),(4182,310,828),(4183,499,828),(4184,10,444),(4185,300,444),(4186,10,589),(4187,300,589),(4188,535,662),(4189,912,662),(4190,535,850),(4191,912,850),(4192,543,281),(4193,935,281),(4194,543,477),(4195,935,477),(4196,290,358),(4197,378,358),(4198,290,402),(4199,378,402),(4200,380,370),(4201,474,370),(4202,380,417),(4203,474,417),(4204,35,393),(4205,123,393),(4206,35,437),(4207,123,437),(4208,434,416),(4209,517,416),(4210,434,458),(4211,517,458),(4212,695,420),(4213,801,420),(4214,695,473),(4215,801,473),(4216,629,437),(4217,724,437),(4218,629,485),(4219,724,485),(4220,358,484),(4221,480,484),(4222,358,545),(4223,480,545),(4224,394,732),(4225,478,732),(4226,394,774),(4227,478,774),(4228,554,611),(4229,724,611),(4230,554,696),(4231,724,696),(4232,272,678),(4233,438,678),(4234,272,761),(4235,438,761),(4236,264,526),(4237,462,526),(4238,264,625),(4239,462,625),(4240,984,584),(4241,1143,584),(4242,984,664),(4243,1143,664),(4244,784,168),(4245,953,168),(4246,784,252),(4247,953,252),(4248,1073,646),(4249,1259,646),(4250,1073,739),(4251,1259,739),(4252,396,527),(4253,668,527),(4254,396,663),(4255,668,663),(4256,373,461),(4257,913,461),(4258,373,731),(4259,913,731),(4260,527,256),(4261,620,256),(4262,527,302),(4263,620,302),(4264,126,478),(4265,209,478),(4266,126,520),(4267,209,520),(4268,1172,624),(4269,1256,624),(4270,1172,666),(4271,1256,666),(4272,177,337),(4273,286,337),(4274,177,391),(4275,286,391),(4276,785,686),(4277,898,686),(4278,785,742),(4279,898,742),(4280,26,740),(4281,146,740),(4282,26,800),(4283,146,800),(4284,320,737),(4285,506,737),(4286,320,830),(4287,506,830),(4288,120,292),(4289,333,292),(4290,120,399),(4291,333,399),(4292,452,358),(4293,632,358),(4294,452,448),(4295,632,448),(4296,676,352),(4297,893,352),(4298,676,461),(4299,893,461),(4300,597,567),(4301,805,567),(4302,597,671),(4303,805,671),(4304,565,346),(4305,783,346),(4306,565,455),(4307,783,455),(4308,21,451),(4309,286,451),(4310,21,583),(4311,286,583),(4312,556,670),(4313,895,670),(4314,556,840),(4315,895,840),(4316,355,628),(4317,934,628),(4318,355,917),(4319,934,917),(4320,956,159),(4321,1044,159),(4322,956,203),(4323,1044,203),(4324,917,379),(4325,1000,379),(4326,917,421),(4327,1000,421),(4328,638,422),(4329,749,422),(4330,638,477),(4331,749,477),(4332,841,510),(4333,934,510),(4334,841,556),(4335,934,556),(4336,457,543),(4337,551,543),(4338,457,590),(4339,551,590),(4340,408,733),(4341,491,733),(4342,408,775),(4343,491,775),(4344,744,391),(4345,834,391),(4346,744,436),(4347,834,436),(4348,1083,556),(4349,1208,556),(4350,1083,618),(4351,1208,618),(4352,280,491),(4353,422,491),(4354,280,562),(4355,422,562),(4356,283,684),(4357,435,684),(4358,283,760),(4359,435,760),(4360,659,642),(4361,854,642),(4362,659,740),(4363,854,740),(4364,119,387),(4365,552,387),(4366,119,603),(4367,552,603),(4368,160,400),(4369,259,400),(4370,160,449),(4371,259,449),(4372,1139,602),(4373,1231,602),(4374,1139,648),(4375,1231,648),(4376,913,675),(4377,1010,675),(4378,913,723),(4379,1010,723),(4380,32,746),(4381,134,746),(4382,32,797),(4383,134,797),(4384,790,730),(4385,908,730),(4386,790,789),(4387,908,789),(4388,785,685),(4389,898,685),(4390,785,742),(4391,898,742),(4392,833,579),(4393,1021,579),(4394,833,673),(4395,1021,673),(4396,1065,468),(4397,1229,468),(4398,1065,550),(4399,1229,550),(4400,465,704),(4401,639,704),(4402,465,791),(4403,639,791),(4404,308,730),(4405,503,730),(4406,308,828),(4407,503,828),(4408,43,454),(4409,285,454),(4410,43,575),(4411,285,575),(4412,600,569),(4413,800,569),(4414,600,669),(4415,800,669),(4416,331,590),(4417,570,590),(4418,331,710),(4419,570,710),(4420,210,204),(4421,499,204),(4422,210,349),(4423,499,349),(4424,506,267),(4425,949,267),(4426,506,488),(4427,949,488),(4428,549,667),(4429,902,667),(4430,549,844),(4431,902,844),(4432,139,385),(4433,287,385),(4434,139,459),(4435,287,459),(4436,127,478),(4437,211,478),(4438,127,520),(4439,211,520),(4440,665,713),(4441,762,713),(4442,665,761),(4443,762,761),(4444,1137,717),(4445,1228,717),(4446,1137,762),(4447,1228,762),(4448,915,673),(4449,1014,673),(4450,915,722),(4451,1014,722),(4452,790,687),(4453,898,687),(4454,790,741),(4455,898,741),(4456,116,510),(4457,232,510),(4458,116,568),(4459,232,568),(4460,775,725),(4461,916,725),(4462,775,796),(4463,916,796),(4464,32,744),(4465,144,744),(4466,32,800),(4467,144,800),(4468,470,702),(4469,644,702),(4470,470,789),(4471,644,789),(4472,594,566),(4473,807,566),(4474,594,672),(4475,807,672),(4476,314,730),(4477,512,730),(4478,314,829),(4479,512,829),(4480,313,804),(4481,531,804),(4482,313,913),(4483,531,913),(4484,556,286),(4485,935,286),(4486,556,476),(4487,935,476),(4488,553,670),(4489,897,670),(4490,553,842),(4491,897,842),(4492,256,577),(4493,928,577),(4494,256,913),(4495,928,913),(4496,330,338),(4497,417,338),(4498,330,382),(4499,417,382),(4500,382,370),(4501,474,370),(4502,382,416),(4503,474,416),(4504,576,397),(4505,673,397),(4506,576,445),(4507,673,445),(4508,53,414),(4509,136,414),(4510,53,456),(4511,136,456),(4512,684,431),(4513,778,431),(4514,684,478),(4515,778,478),(4516,731,430),(4517,887,430),(4518,731,508),(4519,887,508),(4520,945,560),(4521,1035,560),(4522,945,605),(4523,1035,605),(4524,284,688),(4525,425,688),(4526,284,759),(4527,425,759),(4528,424,412),(4529,523,412),(4530,424,462),(4531,523,462),(4532,254,516),(4533,346,516),(4534,254,562),(4535,346,562),(4536,985,584),(4537,1144,584),(4538,985,664),(4539,1144,664),(4540,368,681),(4541,535,681),(4542,368,765),(4543,535,765),(4544,1068,648),(4545,1250,648),(4546,1068,739),(4547,1250,739),(4548,602,603),(4549,890,603),(4550,602,747),(4551,890,747),(4552,1050,126),(4553,1150,126),(4554,1050,176),(4555,1150,176),(4556,380,370),(4557,471,370),(4558,380,415),(4559,471,415),(4560,909,379),(4561,995,379),(4562,909,422),(4563,995,422),(4564,192,438),(4565,292,438),(4566,192,488),(4567,292,488),(4568,927,521),(4569,1017,521),(4570,927,566),(4571,1017,566),(4572,1046,601),(4573,1137,601),(4574,1046,646),(4575,1137,646),(4576,992,684),(4577,1076,684),(4578,992,726),(4579,1076,726),(4580,391,731),(4581,480,731),(4582,391,776),(4583,480,776),(4584,418,406),(4585,527,406),(4586,418,461),(4587,527,461),(4588,272,680),(4589,437,680),(4590,272,762),(4591,437,762),(4592,981,582),(4593,1145,582),(4594,981,664),(4595,1145,664),(4596,1071,646),(4597,1258,646),(4598,1071,739),(4599,1258,739),(4600,920,343),(4601,1132,343),(4602,920,449),(4603,1132,449),(4604,417,478),(4605,869,478),(4606,417,704),(4607,869,704),(4608,1170,624),(4609,1253,624),(4610,1170,666),(4611,1253,666),(4612,1003,662),(4613,1107,662),(4614,1003,714),(4615,1107,714),(4616,787,686),(4617,899,686),(4618,787,742),(4619,899,742),(4620,777,727),(4621,911,727),(4622,777,794),(4623,911,794),(4624,124,378),(4625,293,378),(4626,124,463),(4627,293,463),(4628,241,636),(4629,413,636),(4630,241,722),(4631,413,722),(4632,469,705),(4633,647,705),(4634,469,794),(4635,647,794),(4636,284,573),(4637,476,573),(4638,284,669),(4639,476,669),(4640,47,587),(4641,234,587),(4642,47,681),(4643,234,681),(4644,312,732),(4645,508,732),(4646,312,830),(4647,508,830),(4648,596,566),(4649,804,566),(4650,596,670),(4651,804,670),(4652,310,805),(4653,526,805),(4654,310,914),(4655,526,914),(4656,20,450),(4657,292,450),(4658,20,586),(4659,292,586),(4660,560,671),(4661,895,671),(4662,560,838),(4663,895,838),(4664,541,280),(4665,946,280),(4666,541,483),(4667,946,483),(4668,128,479),(4669,209,479),(4670,128,520),(4671,209,520),(4672,99,624),(4673,206,624),(4674,99,678),(4675,206,678),(4676,773,727),(4677,909,727),(4678,773,795),(4679,909,795),(4680,31,743),(4681,146,743),(4682,31,801),(4683,146,801),(4684,1060,467),(4685,1227,467),(4686,1060,551),(4687,1227,551),(4688,467,708),(4689,639,708),(4690,467,794),(4691,639,794),(4692,105,358),(4693,298,358),(4694,105,455),(4695,298,455),(4696,304,731),(4697,498,731),(4698,304,828),(4699,498,828),(4700,470,198),(4701,717,198),(4702,470,321),(4703,717,321),(4704,679,352),(4705,890,352),(4706,679,458),(4707,890,458),(4708,34,459),(4709,282,459),(4710,34,583),(4711,282,583),(4712,541,667),(4713,898,667),(4714,541,846),(4715,898,846),(4716,568,280),(4717,969,280),(4718,568,480),(4719,969,480),(4720,280,609),(4721,902,609),(4722,280,920),(4723,902,920),(4724,706,298),(4725,796,298),(4726,706,343),(4727,796,343),(4728,292,358),(4729,380,358),(4730,292,402),(4731,380,402),(4732,440,402),(4733,527,402),(4734,440,446),(4735,527,446),(4736,743,402),(4737,841,402),(4738,743,451),(4739,841,451),(4740,677,407),(4741,769,407),(4742,677,453),(4743,769,453),(4744,30,426),(4745,159,426),(4746,30,490),(4747,159,490),(4748,399,734),(4749,485,734),(4750,399,777),(4751,485,777),(4752,527,407),(4753,631,407),(4754,527,459),(4755,631,459),(4756,923,519),(4757,1020,519),(4758,923,567),(4759,1020,567),(4760,1077,549),(4761,1215,549),(4762,1077,618),(4763,1215,618),(4764,14,633),(4765,161,633),(4766,14,707),(4767,161,707),(4768,983,578),(4769,1134,578),(4770,983,654),(4771,1134,654),(4772,272,681),(4773,435,681),(4774,272,763),(4775,435,763),(4776,1077,648),(4777,1254,648),(4778,1077,737),(4779,1254,737),(4780,143,390),(4781,274,390),(4782,143,456),(4783,253,141),(4784,274,456),(4785,453,141),(4786,253,241),(4787,1159,708),(4788,453,241),(4789,1243,708),(4790,1159,750),(4791,785,172),(4792,1243,750),(4793,961,172),(4794,785,260),(4795,1165,619),(4796,961,260),(4797,1258,619),(4798,1165,666),(4799,543,598),(4800,1258,666),(4801,735,598),(4802,543,694),(4803,786,686),(4804,735,694),(4805,896,686),(4806,786,741),(4807,896,741),(4808,768,722),(4809,920,722),(4810,768,798),(4811,920,798),(4812,73,117),(4813,261,117),(4814,73,211),(4815,261,211),(4816,468,705),(4817,642,705),(4818,468,792),(4819,642,792),(4820,325,809),(4821,523,809),(4822,325,908),(4823,523,908),(4824,39,456),(4825,280,456),(4826,39,576),(4827,280,576),(4828,597,568),(4829,801,568),(4830,597,670),(4831,801,670),(4832,539,665),(4833,902,665),(4834,539,846),(4835,902,846),(4836,133,128),(4837,534,128),(4838,133,328),(4839,534,328),(4840,523,275),(4841,945,275),(4842,523,486),(4843,945,486),(4844,244,578),(4845,925,578),(4846,244,918),(4847,925,918),(4848,754,360),(4849,834,360),(4850,754,400),(4851,834,400),(4852,176,361),(4853,260,361),(4854,176,403),(4855,260,403),(4856,394,362),(4857,482,362),(4858,394,406),(4859,482,406),(4860,785,390),(4861,876,390),(4862,785,435),(4863,876,435),(4864,437,402),(4865,528,402),(4866,437,448),(4867,528,448),(4868,576,398),(4869,671,398),(4870,576,446),(4871,671,446),(4872,1036,664),(4873,1123,664),(4874,1036,708),(4875,1123,708),(4876,1053,128),(4877,1148,128),(4878,1053,175),(4879,1148,175),(4880,946,153),(4881,1041,153),(4882,946,200),(4883,1041,200),(4884,732,403),(4885,830,403),(4886,732,452),(4887,830,452),(4888,921,512),(4889,1027,512),(4890,921,565),(4891,1027,565),(4892,388,464),(4893,502,464),(4894,388,522),(4895,502,522),(4896,784,100),(4897,868,100),(4898,999,587),(4899,784,142),(4900,1139,587),(4901,868,142),(4902,999,657),(4903,1139,657),(4904,163,401),(4905,253,401),(4906,1073,651),(4907,163,446),(4908,1247,651),(4909,253,446),(4910,1073,738),(4911,1247,738),(4912,121,517),(4913,220,517),(4914,272,670),(4915,121,566),(4916,472,670),(4917,220,566),(4918,272,770),(4919,472,770),(4920,774,727),(4921,911,727),(4922,776,162),(4923,774,796),(4924,957,162),(4925,911,796),(4926,776,252),(4927,957,252),(4928,124,373),(4929,302,373),(4930,124,462),(4931,221,312),(4932,428,312),(4933,302,462),(4934,221,416),(4935,831,577),(4936,428,416),(4937,1006,577),(4938,227,414),(4939,831,665),(4940,424,414),(4941,1006,665),(4942,227,513),(4943,464,704),(4944,424,513),(4945,643,704),(4946,894,668),(4947,464,793),(4948,1077,668),(4949,643,793),(4950,894,759),(4951,1077,759),(4952,79,120),(4953,264,120),(4954,79,213),(4955,773,668),(4956,264,213),(4957,977,668),(4958,773,770),(4959,977,770),(4960,543,246),(4961,719,246),(4962,387,509),(4963,543,334),(4964,722,509),(4965,719,334),(4966,387,676),(4967,722,676),(4968,688,355),(4969,894,355),(4970,688,459),(4971,894,459),(4972,585,557),(4973,810,557),(4974,585,670),(4975,810,670),(4976,327,809),(4977,519,809),(4978,327,905),(4979,519,905),(4980,167,823),(4981,372,823),(4982,167,925),(4983,372,925),(4984,550,670),(4985,892,670),(4986,550,841),(4987,892,841),(4988,511,289),(4989,895,289),(4990,511,481),(4991,895,481),(4992,266,598),(4993,938,598),(4994,266,934),(4995,938,934),(4996,387,360),(4997,483,360),(4998,387,408),(4999,483,408),(5000,898,378),(5001,986,378),(5002,898,422),(5003,986,422),(5004,440,404),(5005,525,404),(5006,440,446),(5007,525,446),(5008,766,410),(5009,922,676),(5010,850,410),(5011,766,452),(5012,1012,676),(5013,850,452),(5014,922,721),(5015,1012,721),(5016,458,447),(5017,787,686),(5018,555,447),(5019,458,495),(5020,898,686),(5021,555,495),(5022,787,742),(5023,898,742),(5024,358,450),(5025,765,721),(5026,446,450),(5027,358,494),(5028,917,721),(5029,765,797),(5030,446,494),(5031,917,797),(5032,925,516),(5033,1023,516),(5034,31,743),(5035,143,743),(5036,925,565),(5037,1023,565),(5038,31,799),(5039,143,799),(5040,1047,604),(5041,1136,604),(5042,140,378),(5043,1047,649),(5044,298,378),(5045,1136,649),(5046,140,457),(5047,298,457),(5048,700,424),(5049,792,424),(5050,1108,700),(5051,700,470),(5052,1244,700),(5053,792,470),(5054,1108,768),(5055,1244,768),(5056,114,544),(5057,259,544),(5058,462,704),(5059,114,616),(5060,639,704),(5061,259,616),(5062,462,793),(5063,639,793),(5064,952,552),(5065,1048,552),(5066,69,115),(5067,952,600),(5068,274,115),(5069,1048,600),(5070,69,217),(5071,274,217),(5072,1083,553),(5073,838,132),(5074,1212,553),(5075,1018,132),(5076,1083,617),(5077,838,222),(5078,1212,617),(5079,1018,222),(5080,783,676),(5081,828,574),(5082,944,676),(5083,1022,574),(5084,783,757),(5085,828,671),(5086,944,757),(5087,1022,671),(5088,269,670),(5089,314,732),(5090,470,670),(5091,503,732),(5092,269,770),(5093,314,826),(5094,470,770),(5095,503,826),(5096,536,605),(5097,155,791),(5098,723,605),(5099,340,791),(5100,536,699),(5101,155,883),(5102,723,699),(5103,340,883),(5104,779,167),(5105,330,811),(5106,961,167),(5107,514,811),(5108,779,258),(5109,330,903),(5110,961,258),(5111,514,903),(5112,173,826),(5113,979,580),(5114,357,826),(5115,1144,580),(5116,173,918),(5117,979,663),(5118,357,918),(5119,1144,663),(5120,1069,647),(5121,47,456),(5122,1253,647),(5123,287,456),(5124,1069,739),(5125,47,576),(5126,287,576),(5127,1253,739),(5128,610,604),(5129,588,558),(5130,813,558),(5131,881,604),(5132,610,740),(5133,588,671),(5134,881,740),(5135,813,671),(5136,536,273),(5137,952,273),(5138,536,481),(5139,952,481),(5140,545,670),(5141,898,670),(5142,545,847),(5143,898,847),(5144,823,189),(5145,931,189),(5146,823,243),(5147,931,243),(5148,164,348),(5149,248,348),(5150,164,390),(5151,248,390),(5152,389,361),(5153,485,361),(5154,389,409),(5155,485,409),(5156,510,365),(5157,613,365),(5158,510,417),(5159,613,417),(5160,439,404),(5161,523,404),(5162,439,446),(5163,523,446),(5164,634,417),(5165,738,417),(5166,634,469),(5167,531,257),(5168,738,469),(5169,621,257),(5170,1049,604),(5171,531,302),(5172,1136,604),(5173,621,302),(5174,1049,647),(5175,1136,647),(5176,28,742),(5177,140,742),(5178,28,798),(5179,473,467),(5180,140,798),(5181,581,467),(5182,473,521),(5183,796,730),(5184,581,521),(5185,908,730),(5186,796,786),(5187,919,515),(5188,908,786),(5189,1025,515),(5190,919,568),(5191,1025,568),(5192,45,459),(5193,278,459),(5194,258,559),(5195,45,576),(5196,358,559),(5197,278,576),(5198,258,609),(5199,358,609),(5200,758,722),(5201,919,722),(5202,758,803),(5203,556,428),(5204,919,803),(5205,683,428),(5206,466,705),(5207,556,491),(5208,634,705),(5209,683,491),(5210,466,789),(5211,634,789),(5212,1082,553),(5213,307,728),(5214,1207,553),(5215,519,728),(5216,1082,616),(5217,1207,616),(5218,307,834),(5219,519,834),(5220,274,671),(5221,317,805),(5222,469,671),(5223,274,769),(5224,527,805),(5225,469,769),(5226,317,910),(5227,527,910),(5228,234,315),(5229,425,315),(5230,234,411),(5231,592,567),(5232,425,411),(5233,802,567),(5234,592,672),(5235,208,541),(5236,384,541),(5237,802,672),(5238,208,629),(5239,384,629),(5240,579,300),(5241,936,300),(5242,891,111),(5243,579,479),(5244,1085,111),(5245,936,479),(5246,891,208),(5247,1085,208),(5248,455,188),(5249,741,188),(5250,455,331),(5251,567,601),(5252,776,601),(5253,741,331),(5254,567,706),(5255,525,664),(5256,776,706),(5257,906,664),(5258,525,854),(5259,1069,648),(5260,906,854),(5261,1254,648),(5262,1069,740),(5263,1254,740),(5264,801,173),(5265,949,173),(5266,801,247),(5267,949,247),(5268,330,338),(5269,420,338),(5270,330,383),(5271,420,383),(5272,388,362),(5273,482,362),(5274,388,409),(5275,482,409),(5276,982,503),(5277,1070,503),(5278,982,547),(5279,1070,547),(5280,125,480),(5281,208,480),(5282,1086,556),(5283,125,522),(5284,1197,556),(5285,208,522),(5286,1086,611),(5287,1197,611),(5288,819,645),(5289,905,645),(5290,737,354),(5291,819,688),(5292,833,354),(5293,905,688),(5294,737,402),(5295,833,402),(5296,1146,712),(5297,1237,712),(5298,239,392),(5299,1146,757),(5300,338,392),(5301,1237,757),(5302,239,442),(5303,338,442),(5304,135,386),(5305,284,386),(5306,927,516),(5307,135,461),(5308,1030,516),(5309,284,461),(5310,927,568),(5311,1030,568),(5312,31,747),(5313,123,747),(5314,273,427),(5315,31,793),(5316,386,427),(5317,123,793),(5318,273,484),(5319,386,484),(5320,772,724),(5321,915,724),(5322,801,460),(5323,772,796),(5324,929,460),(5325,915,796),(5326,801,524),(5327,929,524),(5328,511,226),(5329,691,226),(5330,455,565),(5331,511,317),(5332,645,565),(5333,691,317),(5334,455,660),(5335,645,660),(5336,467,707),(5337,640,707),(5338,563,608),(5339,467,794),(5340,741,608),(5341,640,794),(5342,563,697),(5343,741,697),(5344,679,354),(5345,894,354),(5346,978,578),(5347,679,461),(5348,1145,578),(5349,894,461),(5350,978,662),(5351,1145,662),(5352,595,569),(5353,797,569),(5354,788,636),(5355,595,670),(5356,988,636),(5357,797,670),(5358,788,736),(5359,988,736),(5360,316,731),(5361,514,731),(5362,316,830),(5363,271,671),(5364,514,830),(5365,469,671),(5366,271,770),(5367,317,801),(5368,469,770),(5369,532,801),(5370,317,909),(5371,316,485),(5372,532,909),(5373,505,485),(5374,316,580),(5375,181,831),(5376,505,580),(5377,359,831),(5378,181,920),(5379,888,107),(5380,359,920),(5381,1077,107),(5382,888,201),(5383,22,451),(5384,1077,201),(5385,288,451),(5386,22,584),(5387,97,597),(5388,288,584),(5389,286,597),(5390,97,691),(5391,567,678),(5392,286,691),(5393,879,678),(5394,567,834),(5395,879,834),(5396,578,297),(5397,946,297),(5398,578,481),(5399,946,481),(5400,826,185),(5401,928,185),(5402,826,236),(5403,928,236),(5404,326,335),(5405,424,335),(5406,326,384),(5407,424,384),(5408,387,360),(5409,485,360),(5410,387,409),(5411,485,409),(5412,545,372),(5413,631,372),(5414,545,415),(5415,631,415),(5416,747,392),(5417,841,392),(5418,747,439),(5419,841,439),(5420,678,410),(5421,774,410),(5422,678,458),(5423,774,458),(5424,591,436),(5425,682,436),(5426,591,481),(5427,682,481),(5428,254,527),(5429,398,527),(5430,254,599),(5431,398,599),(5432,1088,556),(5433,1199,556),(5434,1088,612),(5435,1199,612),(5436,36,556),(5437,161,556),(5438,36,619),(5439,161,619),(5440,673,640),(5441,901,640),(5442,673,754),(5443,901,754),(5444,575,401),(5445,672,401),(5446,575,449),(5447,672,449),(5448,522,461),(5449,616,461),(5450,522,508),(5451,616,508),(5452,914,693),(5453,1026,693),(5454,914,749),(5455,187,328),(5456,1026,749),(5457,271,328),(5458,187,370),(5459,475,454),(5460,271,370),(5461,625,454),(5462,475,529),(5463,129,379),(5464,625,529),(5465,290,379),(5466,129,460),(5467,891,581),(5468,1037,581),(5469,290,460),(5470,891,654),(5471,1037,654),(5472,767,724),(5473,913,724),(5474,767,797),(5475,976,581),(5476,1144,581),(5477,913,797),(5478,976,665),(5479,1144,665),(5480,465,706),(5481,640,706),(5482,274,670),(5483,465,794),(5484,474,670),(5485,640,794),(5486,274,770),(5487,474,770),(5488,689,359),(5489,884,359),(5490,1076,652),(5491,689,457),(5492,1248,652),(5493,884,457),(5494,1076,738),(5495,1248,738),(5496,824,571),(5497,1016,571),(5498,778,161),(5499,824,667),(5500,964,161),(5501,1016,667),(5502,778,254),(5503,316,731),(5504,964,254),(5505,510,731),(5506,316,828),(5507,510,828),(5508,662,591),(5509,847,591),(5510,319,808),(5511,662,684),(5512,520,808),(5513,847,684),(5514,319,909),(5515,520,909),(5516,416,522),(5517,726,522),(5518,34,457),(5519,416,677),(5520,278,457),(5521,726,677),(5522,34,579),(5523,278,579),(5524,592,568),(5525,800,568),(5526,592,672),(5527,800,672),(5528,29,577),(5529,253,577),(5530,29,689),(5531,253,689),(5532,546,673),(5533,885,673),(5534,546,842),(5535,885,842),(5536,520,290),(5537,888,290),(5538,520,474),(5539,888,474),(5540,790,560),(5541,1236,560),(5542,790,783),(5543,1236,783),(5544,327,332),(5545,423,332),(5546,327,380),(5547,423,380),(5548,751,360),(5549,833,360),(5550,751,401),(5551,833,401),(5552,394,363),(5553,481,363),(5554,394,406),(5555,481,406),(5556,91,384),(5557,182,384),(5558,91,430),(5559,182,430),(5560,39,387),(5561,126,387),(5562,39,430),(5563,126,430),(5564,440,402),(5565,530,402),(5566,440,447),(5567,530,447),(5568,694,402),(5569,785,402),(5570,694,448),(5571,785,448),(5572,43,432),(5573,131,432),(5574,43,476),(5575,131,476),(5576,808,180),(5577,941,180),(5578,808,247),(5579,941,247),(5580,924,514),(5581,1029,514),(5582,924,567),(5583,1029,567),(5584,738,423),(5585,865,423),(5586,738,487),(5587,865,487),(5588,361,103),(5589,514,103),(5590,361,179),(5591,514,179),(5592,984,584),(5593,1144,584),(5594,984,664),(5595,1144,664),(5596,237,325),(5597,414,325),(5598,237,414),(5599,414,414),(5600,905,503),(5601,1067,503),(5602,905,584),(5603,1067,584),(5604,1063,645),(5605,1256,645),(5606,1063,741),(5607,1256,741),(5608,399,480),(5609,869,480),(5610,399,715),(5611,869,715),(5612,331,334),(5613,423,334),(5614,331,380),(5615,423,380),(5616,21,418),(5617,107,418),(5618,21,461),(5619,107,461),(5620,908,544),(5621,994,544),(5622,908,587),(5623,994,587),(5624,386,358),(5625,488,358),(5626,386,409),(5627,488,409),(5628,438,402),(5629,531,402),(5630,438,449),(5631,531,449),(5632,488,473),(5633,625,473),(5634,488,542),(5635,625,542),(5636,23,632),(5637,184,632),(5638,23,713),(5639,184,713),(5640,981,584),(5641,1141,584),(5642,981,664),(5643,1141,664),(5644,786,163),(5645,958,163),(5646,786,249),(5647,958,249),(5648,986,79),(5649,1184,79),(5650,986,178),(5651,1184,178),(5652,1074,646),(5653,1257,646),(5654,1074,737),(5655,1257,737),(5656,316,228),(5657,524,228),(5658,316,332),(5659,524,332),(5660,1185,529),(5661,1271,529),(5662,1185,572),(5663,1271,572),(5664,115,509),(5665,228,509),(5666,115,565),(5667,228,565),(5668,1129,714),(5669,1236,714),(5670,1129,767),(5671,1236,767),(5672,772,725),(5673,914,725),(5674,772,796),(5675,914,796),(5676,100,618),(5677,215,618),(5678,100,676),(5679,215,676),(5680,534,240),(5681,721,240),(5682,534,333),(5683,721,333),(5684,29,419),(5685,204,419),(5686,29,507),(5687,204,507),(5688,467,706),(5689,640,706),(5690,467,793),(5691,640,793),(5692,321,737),(5693,503,737),(5694,321,828),(5695,503,828),(5696,331,810),(5697,519,810),(5698,331,904),(5699,519,904),(5700,117,370),(5701,310,370),(5702,117,467),(5703,310,467),(5704,598,568),(5705,803,568),(5706,598,671),(5707,803,671),(5708,34,565),(5709,262,565),(5710,34,679),(5711,262,679),(5712,965,642),(5713,1205,642),(5714,965,762),(5715,1205,762),(5716,300,572),(5717,590,572),(5718,300,717),(5719,590,717),(5720,543,291),(5721,926,291),(5722,543,483),(5723,926,483),(5724,241,737),(5725,593,737),(5726,241,913),(5727,593,913),(5728,529,663),(5729,908,663),(5730,529,852),(5731,908,852),(5732,1051,127),(5733,1153,127),(5734,1051,178),(5735,1153,178),(5736,341,329),(5737,424,329),(5738,341,371),(5739,424,371),(5740,390,363),(5741,480,363),(5742,390,408),(5743,480,408),(5744,716,402),(5745,806,402),(5746,716,447),(5747,806,447),(5748,436,404),(5749,524,404),(5750,436,448),(5751,524,448),(5752,385,473),(5753,479,473),(5754,385,520),(5755,479,520),(5756,910,544),(5757,1000,544),(5758,910,589),(5759,1000,589),(5760,1016,596),(5761,1123,596),(5762,1016,650),(5763,1123,650),(5764,1088,555),(5765,1208,555),(5766,1088,615),(5767,1208,615),(5768,678,94),(5769,824,94),(5770,678,167),(5771,824,167),(5772,788,172),(5773,955,172),(5774,788,256),(5775,955,256),(5776,468,440),(5777,615,440),(5778,468,513),(5779,615,513),(5780,546,535),(5781,746,535),(5782,546,635),(5783,746,635),(5784,345,89),(5785,538,89),(5786,345,186),(5787,538,186),(5788,983,82),(5789,1190,82),(5790,983,186),(5791,1190,186),(5792,223,318),(5793,420,318),(5794,223,416),(5795,420,416),(5796,393,519),(5797,652,519),(5798,393,649),(5799,652,649),(5800,1059,646),(5801,1251,646),(5802,1059,742),(5803,1251,742),(5804,639,618),(5805,899,618),(5806,639,748),(5807,899,748),(5808,887,105),(5809,1076,105),(5810,887,199),(5811,1076,199),(5812,524,548),(5813,948,548),(5814,524,760),(5815,948,760),(5816,164,400),(5817,257,400),(5818,164,447),(5819,257,447),(5820,125,479),(5821,208,479),(5822,125,521),(5823,208,521),(5824,101,622),(5825,211,622),(5826,101,677),(5827,211,677),(5828,785,686),(5829,895,686),(5830,785,741),(5831,895,741),(5832,776,725),(5833,916,725),(5834,776,795),(5835,916,795),(5836,137,379),(5837,295,379),(5838,137,458),(5839,295,458),(5840,334,813),(5841,517,813),(5842,334,905),(5843,517,905),(5844,472,704),(5845,649,704),(5846,472,792),(5847,649,792),(5848,304,734),(5849,493,734),(5850,304,829),(5851,493,829),(5852,180,829),(5853,364,829),(5854,180,921),(5855,364,921),(5856,36,457),(5857,280,457),(5858,36,579),(5859,280,579),(5860,585,555),(5861,812,555),(5862,585,668),(5863,812,668),(5864,41,569),(5865,254,569),(5866,41,675),(5867,254,675),(5868,964,643),(5869,1204,643),(5870,964,763),(5871,1204,763),(5872,551,672),(5873,890,672),(5874,551,841),(5875,890,841),(5876,252,742),(5877,589,742),(5878,252,910),(5879,589,910),(5880,535,284),(5881,936,284),(5882,535,484),(5883,936,484),(5884,792,548),(5885,1249,548),(5886,792,776),(5887,1249,776),(5888,339,332),(5889,426,332),(5890,339,375),(5891,426,375),(5892,121,363),(5893,209,363),(5894,121,407),(5895,209,407),(5896,388,360),(5897,486,360),(5898,388,409),(5899,486,409),(5900,226,382),(5901,321,382),(5902,226,429),(5903,321,429),(5904,779,398),(5905,871,398),(5906,779,444),(5907,871,444),(5908,583,403),(5909,670,403),(5910,583,446),(5911,670,446),(5912,438,404),(5913,526,404),(5914,438,448),(5915,526,448),(5916,11,414),(5917,97,414),(5918,11,457),(5919,97,457),(5920,822,183),(5921,931,183),(5922,822,237),(5923,931,237),(5924,699,411),(5925,804,411),(5926,699,464),(5927,804,464),(5928,166,567),(5929,343,567),(5930,166,655),(5931,343,655),(5932,1125,714),(5933,1231,714),(5934,994,585),(5935,1125,767),(5936,1141,585),(5937,1231,767),(5938,994,659),(5939,1141,659),(5940,776,722),(5941,923,722),(5942,1022,103),(5943,776,796),(5944,1168,103),(5945,1022,176),(5946,923,796),(5947,1168,176),(5948,976,616),(5949,1095,616),(5950,356,105),(5951,976,675),(5952,516,105),(5953,1095,675),(5954,356,185),(5955,516,185),(5956,467,707),(5957,633,707),(5958,352,213),(5959,467,790),(5960,546,213),(5961,633,790),(5962,352,310),(5963,546,310),(5964,180,830),(5965,357,830),(5966,1063,645),(5967,180,918),(5968,1254,645),(5969,357,918),(5970,1063,740),(5971,1254,740),(5972,318,802),(5973,529,802),(5974,247,135),(5975,318,907),(5976,470,135),(5977,529,907),(5978,247,247),(5979,470,247),(5980,550,242),(5981,726,242),(5982,839,328),(5983,550,330),(5984,1069,328),(5985,726,330),(5986,839,443),(5987,1069,443),(5988,301,733),(5989,492,733),(5990,381,465),(5991,301,829),(5992,887,465),(5993,492,829),(5994,381,718),(5995,887,718),(5996,30,452),(5997,289,452),(5998,30,581),(5999,289,581),(6000,18,569),(6001,262,569),(6002,18,691),(6003,262,691),(6004,539,666),(6005,898,666),(6006,539,846),(6007,898,846),(6008,554,298),(6009,913,298),(6010,554,477),(6011,913,477),(6012,747,527),(6013,1258,527),(6014,747,782),(6015,1258,782),(6016,259,600),(6017,929,600),(6018,259,935),(6019,929,935);
/*!40000 ALTER TABLE `Point` ENABLE KEYS */;
UNLOCK TABLES;

--
-- Table structure for table `Rectangle`
--

DROP TABLE IF EXISTS `Rectangle`;
/*!40101 SET @saved_cs_client     = @@character_set_client */;
/*!40101 SET character_set_client = utf8 */;
CREATE TABLE `Rectangle` (
  `RECTANGLE_ID` bigint(20) NOT NULL AUTO_INCREMENT,
  `isEmpty` tinyint(1) NOT NULL,
  `maxLeft_POINT_ID` bigint(20) DEFAULT NULL,
  `maxRight_POINT_ID` bigint(20) DEFAULT NULL,
  `minLeft_POINT_ID` bigint(20) DEFAULT NULL,
  `minRight_POINT_ID` bigint(20) DEFAULT NULL,
  PRIMARY KEY (`RECTANGLE_ID`),
  KEY `FKBA47CD4F8C496B92` (`maxLeft_POINT_ID`),
  KEY `FKBA47CD4F86EDFA65` (`maxRight_POINT_ID`),
  KEY `FKBA47CD4F887ADD64` (`minLeft_POINT_ID`),
  KEY `FKBA47CD4F10EAC2D3` (`minRight_POINT_ID`),
  CONSTRAINT `FKBA47CD4F10EAC2D3` FOREIGN KEY (`minRight_POINT_ID`) REFERENCES `Point` (`POINT_ID`),
  CONSTRAINT `FKBA47CD4F86EDFA65` FOREIGN KEY (`maxRight_POINT_ID`) REFERENCES `Point` (`POINT_ID`),
  CONSTRAINT `FKBA47CD4F887ADD64` FOREIGN KEY (`minLeft_POINT_ID`) REFERENCES `Point` (`POINT_ID`),
  CONSTRAINT `FKBA47CD4F8C496B92` FOREIGN KEY (`maxLeft_POINT_ID`) REFERENCES `Point` (`POINT_ID`)
) ENGINE=InnoDB AUTO_INCREMENT=1351 DEFAULT CHARSET=utf8;
/*!40101 SET character_set_client = @saved_cs_client */;

--
-- Dumping data for table `Rectangle`
--

LOCK TABLES `Rectangle` WRITE;
/*!40000 ALTER TABLE `Rectangle` DISABLE KEYS */;
INSERT INTO `Rectangle` VALUES (1,0,461,462,463,464),(2,1,465,466,467,468),(3,1,469,470,471,472),(4,0,478,479,480,481),(5,1,482,483,484,485),(6,1,486,487,488,489),(7,0,636,637,638,639),(8,1,640,641,642,643),(9,1,644,645,646,647),(10,0,653,654,655,656),(11,1,657,658,659,660),(12,1,661,662,663,664),(13,1,668,669,670,671),(14,1,672,673,674,675),(15,1,676,677,678,679),(16,1,680,681,682,683),(17,1,684,685,686,687),(18,1,688,689,690,691),(19,1,692,693,695,697),(20,1,694,696,698,699),(21,1,700,701,703,705),(22,1,702,704,706,707),(23,1,708,709,711,713),(24,1,710,712,714,715),(25,1,716,717,719,721),(26,1,718,720,722,723),(27,1,724,726,728,730),(28,1,725,727,729,731),(29,1,732,733,735,738),(30,1,734,736,737,739),(31,1,740,742,744,746),(32,1,741,743,745,747),(33,1,748,749,750,751),(34,1,752,753,754,755),(35,1,756,757,758,759),(36,1,760,761,762,763),(37,1,764,765,766,767),(38,1,768,769,770,771),(39,1,772,773,774,775),(40,1,776,777,778,779),(41,1,780,781,782,783),(42,1,784,785,786,787),(43,1,788,789,790,791),(44,1,792,793,794,795),(45,1,796,797,798,799),(46,1,800,801,802,803),(47,1,804,805,806,807),(48,1,808,809,810,811),(49,1,812,813,814,815),(50,1,816,817,818,819),(51,1,820,821,822,823),(52,1,824,825,826,827),(53,1,828,829,830,831),(54,1,832,833,834,835),(55,1,836,837,838,839),(56,1,840,841,842,843),(57,1,844,845,846,847),(58,1,848,849,850,851),(59,1,852,853,854,855),(60,1,856,857,858,859),(61,1,860,861,862,863),(62,1,864,865,866,867),(63,1,868,869,870,871),(64,1,872,873,874,875),(65,1,876,877,878,879),(66,1,880,881,882,883),(67,1,884,885,886,887),(68,1,888,889,890,891),(69,1,892,893,894,895),(70,1,896,897,898,899),(71,1,900,901,902,903),(72,1,904,905,906,907),(73,1,908,909,910,911),(74,1,912,913,914,915),(75,1,916,917,918,919),(76,1,920,921,922,923),(77,1,924,925,926,927),(78,1,928,929,930,931),(79,1,932,933,934,935),(80,1,936,937,938,939),(81,1,940,941,942,943),(82,1,944,945,946,947),(83,1,948,949,950,951),(84,1,952,953,954,955),(85,1,956,957,958,959),(86,1,960,961,962,963),(87,1,964,965,966,967),(88,1,968,969,970,971),(89,1,972,973,974,975),(90,1,976,977,978,979),(91,1,980,981,982,983),(92,1,984,985,986,987),(93,1,988,989,990,991),(94,1,992,993,994,995),(95,1,996,997,998,999),(96,1,1000,1001,1002,1003),(97,1,1004,1005,1006,1007),(98,1,1008,1009,1010,1011),(99,1,1012,1013,1014,1015),(100,1,1016,1017,1018,1019),(101,1,1020,1021,1022,1023),(102,1,1024,1025,1026,1027),(103,1,1028,1029,1030,1031),(104,1,1032,1033,1034,1035),(105,1,1036,1037,1038,1039),(106,1,1040,1041,1042,1043),(107,1,1044,1045,1046,1047),(108,1,1048,1049,1050,1051),(109,1,1052,1053,1054,1055),(110,1,1056,1057,1058,1059),(111,1,1060,1061,1062,1063),(112,1,1064,1065,1066,1067),(113,1,1068,1069,1070,1071),(114,1,1072,1073,1074,1075),(115,1,1076,1077,1078,1079),(116,1,1080,1081,1082,1083),(117,1,1084,1085,1086,1087),(118,1,1088,1089,1090,1091),(119,1,1092,1093,1094,1095),(120,1,1096,1097,1098,1099),(121,1,1100,1101,1102,1103),(122,1,1104,1105,1106,1107),(123,1,1108,1109,1110,1111),(124,1,1112,1113,1114,1115),(125,1,1116,1117,1118,1119),(126,1,1120,1121,1122,1123),(127,1,1124,1125,1126,1127),(128,1,1128,1129,1130,1131),(129,1,1132,1133,1134,1135),(130,1,1136,1137,1138,1139),(131,1,1140,1141,1142,1143),(132,1,1144,1145,1146,1147),(133,1,1148,1149,1150,1151),(134,1,1152,1153,1154,1155),(135,1,1156,1157,1158,1159),(136,1,1160,1161,1162,1163),(137,1,1164,1165,1166,1167),(138,1,1168,1169,1170,1171),(139,1,1172,1173,1174,1175),(140,1,1176,1177,1178,1179),(141,1,1180,1181,1182,1183),(142,1,1184,1185,1186,1187),(143,1,1188,1189,1190,1191),(144,1,1192,1193,1194,1195),(145,1,1196,1197,1198,1199),(146,1,1200,1201,1202,1203),(147,1,1204,1205,1206,1207),(148,1,1208,1209,1210,1211),(149,1,1212,1213,1214,1215),(150,1,1216,1217,1218,1219),(151,1,1220,1221,1222,1223),(152,1,1224,1225,1226,1227),(153,1,1228,1229,1230,1231),(154,1,1232,1233,1234,1235),(155,1,1236,1237,1238,1239),(156,1,1240,1241,1242,1243),(157,1,1244,1245,1246,1247),(158,1,1248,1249,1250,1251),(159,1,1252,1253,1254,1255),(160,1,1256,1257,1258,1259),(161,1,1260,1261,1262,1263),(162,1,1264,1265,1266,1267),(163,1,1268,1269,1270,1271),(164,1,1272,1273,1274,1275),(165,1,1276,1277,1278,1279),(166,1,1280,1281,1282,1283),(167,1,1284,1285,1286,1287),(168,1,1288,1289,1290,1291),(169,1,1292,1293,1294,1295),(170,1,1296,1297,1298,1299),(171,1,1300,1301,1302,1303),(172,1,1304,1305,1306,1307),(173,1,1308,1309,1310,1311),(174,1,1312,1313,1314,1315),(175,1,1316,1317,1318,1319),(176,1,1320,1321,1322,1323),(177,1,1324,1325,1326,1327),(178,1,1328,1329,1330,1331),(179,1,1332,1333,1334,1335),(180,1,1336,1337,1338,1339),(181,1,1340,1341,1342,1343),(182,1,1344,1345,1346,1347),(183,1,1348,1349,1350,1351),(184,1,1352,1353,1354,1355),(185,1,1356,1357,1358,1359),(186,1,1360,1361,1362,1363),(187,1,1364,1365,1366,1367),(188,1,1368,1369,1370,1371),(189,1,1372,1373,1374,1375),(190,1,1376,1377,1378,1379),(191,1,1380,1381,1382,1383),(192,1,1384,1385,1386,1387),(193,1,1388,1389,1390,1391),(194,1,1392,1393,1394,1395),(195,1,1396,1397,1398,1399),(196,1,1400,1401,1402,1403),(197,1,1404,1405,1406,1407),(198,1,1408,1409,1410,1411),(199,1,1412,1413,1414,1415),(200,1,1416,1417,1418,1419),(201,1,1420,1421,1422,1423),(202,1,1424,1425,1426,1427),(203,1,1428,1429,1430,1431),(204,1,1432,1433,1434,1435),(205,1,1436,1437,1438,1439),(206,1,1440,1441,1442,1443),(207,1,1444,1445,1446,1447),(208,1,1448,1449,1450,1451),(209,1,1452,1453,1454,1455),(210,1,1456,1457,1458,1459),(211,1,1460,1461,1462,1463),(212,1,1464,1465,1466,1467),(213,1,1468,1469,1470,1471),(214,1,1472,1473,1474,1475),(215,1,1476,1477,1478,1479),(216,1,1480,1481,1482,1483),(217,1,1484,1485,1486,1487),(218,1,1488,1489,1490,1491),(219,1,1492,1493,1494,1495),(220,1,1496,1497,1498,1499),(221,1,1500,1501,1502,1503),(222,1,1504,1505,1506,1507),(223,1,1508,1509,1510,1511),(224,1,1512,1513,1514,1515),(225,1,1516,1517,1518,1519),(226,1,1520,1521,1522,1523),(227,1,1524,1525,1526,1527),(228,1,1528,1529,1530,1531),(229,1,1532,1533,1534,1535),(230,1,1536,1537,1538,1539),(231,1,1540,1541,1542,1543),(232,1,1544,1545,1546,1547),(233,1,1548,1549,1550,1551),(234,1,1552,1553,1554,1555),(235,1,1556,1557,1558,1559),(236,1,1560,1561,1562,1563),(237,1,1564,1565,1566,1567),(238,1,1568,1569,1570,1571),(239,1,1572,1573,1574,1575),(240,1,1576,1577,1578,1579),(241,1,1580,1581,1582,1583),(242,1,1584,1585,1586,1587),(243,1,1588,1589,1590,1591),(244,1,1592,1593,1594,1595),(245,1,1596,1597,1598,1599),(246,1,1600,1601,1602,1603),(247,1,1604,1605,1606,1607),(248,1,1608,1609,1610,1611),(249,1,1612,1613,1614,1615),(250,1,1616,1617,1618,1619),(251,1,1620,1621,1622,1623),(252,1,1624,1625,1626,1627),(253,1,1628,1629,1630,1631),(254,1,1632,1633,1634,1635),(255,1,1636,1637,1638,1639),(256,1,1640,1641,1642,1643),(257,1,1644,1645,1646,1647),(258,1,1648,1649,1650,1651),(259,1,1652,1653,1654,1655),(260,1,1656,1657,1658,1659),(261,1,1660,1661,1662,1663),(262,1,1664,1665,1666,1667),(263,1,1668,1669,1670,1671),(264,1,1672,1673,1674,1675),(265,1,1676,1677,1678,1679),(266,1,1680,1681,1682,1683),(267,1,1684,1685,1686,1687),(268,1,1688,1689,1690,1691),(269,1,1692,1693,1694,1695),(270,1,1696,1697,1698,1699),(271,1,1700,1701,1702,1703),(272,1,1704,1705,1706,1707),(273,1,1708,1709,1710,1711),(274,1,1712,1713,1714,1715),(275,1,1716,1717,1718,1719),(276,1,1720,1721,1722,1723),(277,1,1724,1725,1726,1727),(278,1,1728,1729,1730,1731),(279,1,1732,1733,1734,1735),(280,1,1736,1737,1738,1739),(281,1,1740,1741,1742,1743),(282,1,1744,1745,1746,1747),(283,1,1748,1749,1750,1751),(284,1,1752,1753,1754,1755),(285,1,1756,1757,1758,1759),(286,1,1760,1761,1762,1763),(287,1,1764,1765,1766,1767),(288,1,1768,1769,1770,1771),(289,1,1772,1773,1774,1775),(290,1,1776,1777,1778,1779),(291,1,1780,1781,1782,1783),(292,1,1784,1785,1786,1787),(293,1,1788,1789,1790,1791),(294,1,1792,1793,1794,1795),(295,1,1796,1797,1798,1799),(296,1,1800,1801,1802,1803),(297,1,1804,1805,1806,1807),(298,1,1808,1809,1810,1811),(299,1,1812,1813,1814,1815),(300,1,1816,1817,1818,1819),(301,1,1820,1821,1822,1823),(302,1,1824,1825,1826,1827),(303,1,1828,1829,1830,1831),(304,1,1832,1833,1834,1835),(305,1,1836,1837,1838,1839),(306,1,1840,1841,1842,1843),(307,1,1844,1845,1846,1847),(308,1,1848,1849,1850,1851),(309,1,1852,1853,1854,1855),(310,1,1856,1857,1858,1859),(311,1,1860,1861,1862,1863),(312,1,1864,1865,1866,1867),(313,1,1868,1869,1870,1871),(314,1,1872,1873,1874,1875),(315,1,1876,1877,1878,1879),(316,1,1880,1881,1882,1883),(317,1,1884,1885,1886,1887),(318,1,1888,1889,1890,1891),(319,1,1892,1893,1894,1895),(320,1,1896,1897,1898,1899),(321,1,1900,1901,1902,1903),(322,1,1904,1905,1906,1907),(323,1,1908,1909,1910,1911),(324,1,1912,1913,1914,1915),(325,1,1916,1917,1918,1919),(326,1,1920,1921,1922,1923),(327,1,1924,1925,1926,1927),(328,1,1928,1929,1930,1931),(329,1,1932,1933,1934,1935),(330,1,1936,1937,1938,1939),(331,1,1940,1941,1942,1943),(332,1,1944,1945,1946,1947),(333,1,1948,1949,1950,1951),(334,1,1952,1953,1954,1955),(335,1,1956,1957,1958,1959),(336,1,1960,1961,1962,1963),(337,1,1964,1965,1966,1967),(338,1,1968,1969,1970,1971),(339,1,1972,1973,1974,1975),(340,1,1976,1977,1978,1979),(341,1,1980,1981,1982,1983),(342,1,1984,1985,1986,1987),(343,1,1988,1989,1990,1991),(344,1,1992,1993,1994,1995),(345,1,1996,1997,1998,1999),(346,1,2000,2001,2002,2003),(347,1,2004,2005,2006,2007),(348,1,2008,2009,2010,2011),(349,1,2012,2013,2014,2015),(350,1,2016,2017,2018,2019),(351,1,2020,2021,2022,2023),(352,1,2024,2025,2026,2027),(353,1,2028,2029,2030,2031),(354,1,2032,2033,2034,2035),(355,1,2036,2037,2038,2039),(356,1,2040,2041,2042,2043),(357,1,2044,2045,2046,2047),(358,1,2048,2049,2050,2051),(359,1,2052,2053,2054,2055),(360,1,2056,2057,2058,2059),(361,1,2060,2061,2062,2063),(362,1,2064,2065,2066,2067),(363,1,2068,2069,2070,2071),(364,1,2072,2073,2074,2075),(365,1,2076,2077,2078,2079),(366,1,2080,2081,2082,2083),(367,1,2084,2085,2086,2087),(368,1,2088,2089,2090,2091),(369,1,2092,2093,2094,2095),(370,1,2096,2097,2098,2099),(371,1,2100,2101,2102,2103),(372,1,2104,2105,2106,2107),(373,1,2108,2109,2110,2111),(374,1,2112,2113,2114,2115),(375,1,2116,2117,2118,2119),(376,1,2120,2121,2122,2123),(377,1,2124,2125,2126,2127),(378,1,2128,2129,2130,2131),(379,1,2132,2133,2134,2135),(380,1,2136,2137,2138,2139),(381,1,2140,2141,2142,2143),(382,1,2144,2145,2146,2147),(383,1,2148,2149,2150,2151),(384,1,2152,2153,2154,2155),(385,1,2156,2157,2158,2159),(386,1,2160,2161,2162,2163),(387,1,2164,2165,2166,2167),(388,1,2168,2169,2170,2171),(389,1,2172,2173,2174,2175),(390,1,2176,2177,2178,2179),(391,1,2180,2181,2182,2183),(392,1,2184,2185,2186,2187),(393,1,2188,2189,2190,2191),(394,1,2192,2193,2194,2195),(395,1,2196,2197,2198,2199),(396,1,2200,2201,2202,2203),(397,1,2204,2205,2206,2207),(398,1,2208,2209,2210,2211),(399,1,2212,2213,2214,2215),(400,1,2216,2217,2218,2219),(401,1,2220,2221,2222,2223),(402,1,2224,2225,2226,2227),(403,1,2228,2229,2230,2231),(404,1,2232,2233,2234,2235),(405,1,2236,2237,2238,2239),(406,1,2240,2241,2242,2243),(407,1,2244,2245,2246,2247),(408,1,2248,2249,2250,2251),(409,1,2252,2253,2254,2255),(410,1,2256,2257,2258,2259),(411,1,2260,2261,2262,2263),(412,1,2264,2265,2266,2267),(413,1,2268,2269,2270,2271),(414,1,2272,2273,2274,2275),(415,1,2276,2277,2278,2279),(416,1,2280,2281,2282,2283),(417,1,2284,2285,2286,2287),(418,1,2288,2289,2290,2291),(419,1,2292,2293,2294,2295),(420,1,2296,2297,2298,2299),(421,1,2300,2301,2302,2303),(422,1,2304,2305,2306,2307),(423,1,2308,2309,2310,2311),(424,1,2312,2313,2314,2315),(425,1,2316,2317,2318,2319),(426,1,2320,2321,2322,2323),(427,1,2324,2325,2326,2327),(428,1,2328,2329,2330,2331),(429,1,2332,2333,2334,2335),(430,1,2336,2337,2338,2339),(431,1,2340,2341,2342,2343),(432,1,2344,2345,2346,2347),(433,1,2348,2349,2350,2351),(434,1,2352,2355,2357,2359),(435,1,2353,2354,2356,2358),(436,1,2360,2362,2363,2364),(437,1,2361,2365,2366,2367),(438,1,2368,2369,2370,2371),(439,1,2373,2375,2376,2378),(440,1,2372,2374,2377,2379),(441,1,2380,2381,2382,2383),(442,1,2384,2385,2386,2387),(443,1,2388,2389,2391,2392),(444,1,2390,2393,2394,2395),(445,1,2396,2398,2400,2402),(446,1,2397,2399,2401,2403),(447,1,2404,2405,2407,2409),(448,1,2406,2408,2410,2411),(449,1,2412,2413,2415,2417),(450,1,2414,2416,2418,2419),(451,1,2420,2422,2424,2426),(452,1,2421,2423,2425,2427),(453,1,2428,2429,2432,2434),(454,1,2430,2431,2433,2435),(455,1,2436,2437,2439,2441),(456,1,2438,2440,2442,2443),(457,1,2444,2446,2447,2450),(458,1,2452,2453,2454,2455),(459,1,2445,2448,2449,2451),(460,1,2457,2458,2460,2463),(461,1,2456,2459,2461,2462),(462,1,2464,2465,2466,2467),(463,1,2468,2469,2470,2471),(464,1,2472,2473,2474,2475),(465,1,2476,2477,2478,2479),(466,1,2480,2481,2482,2483),(467,1,2484,2485,2486,2487),(468,1,2488,2489,2490,2491),(469,1,2492,2493,2494,2495),(470,1,2496,2497,2498,2499),(471,1,2500,2501,2502,2503),(472,1,2504,2505,2506,2507),(473,1,2508,2509,2510,2511),(474,1,2512,2513,2514,2515),(475,1,2516,2517,2518,2519),(476,1,2520,2521,2522,2523),(477,1,2524,2525,2526,2527),(478,1,2528,2529,2530,2531),(479,1,2532,2533,2534,2535),(480,1,2536,2537,2538,2539),(481,1,2540,2541,2542,2543),(482,1,2544,2545,2546,2547),(483,1,2548,2549,2550,2551),(484,1,2552,2553,2554,2555),(485,1,2556,2557,2558,2559),(486,1,2560,2561,2562,2563),(487,1,2564,2565,2566,2567),(488,1,2568,2569,2570,2571),(489,1,2572,2573,2574,2575),(490,1,2576,2577,2578,2579),(491,1,2580,2581,2582,2583),(492,1,2584,2585,2586,2587),(493,1,2588,2589,2590,2591),(494,1,2592,2593,2594,2595),(495,1,2596,2597,2598,2599),(496,1,2600,2601,2602,2603),(497,1,2604,2605,2606,2607),(498,1,2608,2609,2610,2611),(499,1,2612,2613,2614,2615),(500,1,2616,2617,2618,2619),(501,1,2620,2621,2622,2623),(502,1,2624,2625,2626,2627),(503,1,2628,2629,2630,2631),(504,1,2632,2633,2634,2635),(505,1,2636,2637,2638,2639),(506,1,2640,2641,2642,2643),(507,1,2644,2645,2646,2647),(508,1,2648,2649,2650,2651),(509,1,2652,2653,2654,2655),(510,1,2656,2657,2658,2659),(511,1,2660,2661,2662,2663),(512,1,2664,2665,2666,2667),(513,1,2668,2669,2670,2671),(514,1,2672,2673,2674,2675),(515,1,2676,2677,2678,2679),(516,1,2680,2681,2682,2683),(517,1,2684,2685,2686,2687),(518,1,2688,2689,2690,2691),(519,1,2692,2693,2694,2695),(520,1,2696,2697,2698,2699),(521,1,2700,2701,2702,2703),(522,1,2704,2705,2706,2707),(523,1,2708,2709,2710,2711),(524,1,2712,2713,2714,2715),(525,1,2716,2717,2718,2719),(526,1,2720,2721,2722,2723),(527,1,2724,2725,2726,2727),(528,1,2728,2729,2730,2731),(529,1,2732,2733,2734,2735),(530,1,2736,2737,2738,2739),(531,1,2740,2741,2742,2743),(532,1,2744,2745,2746,2747),(533,1,2748,2749,2750,2751),(534,1,2752,2753,2754,2755),(535,1,2756,2757,2758,2759),(536,1,2760,2761,2762,2763),(537,1,2764,2765,2766,2767),(538,1,2768,2769,2770,2771),(539,1,2772,2773,2774,2775),(540,1,2776,2777,2778,2779),(541,1,2780,2781,2782,2783),(542,1,2784,2785,2786,2787),(543,1,2788,2789,2790,2791),(544,1,2792,2793,2794,2795),(545,1,2796,2797,2798,2799),(546,1,2800,2801,2802,2803),(547,1,2804,2805,2806,2807),(548,1,2808,2809,2810,2811),(549,1,2812,2813,2814,2815),(550,1,2816,2817,2818,2819),(551,1,2820,2821,2822,2823),(552,1,2824,2825,2826,2827),(553,1,2828,2829,2830,2831),(554,1,2832,2833,2834,2835),(555,1,2836,2837,2838,2839),(556,1,2840,2841,2842,2843),(557,1,2844,2845,2846,2847),(558,1,2848,2849,2850,2851),(559,1,2852,2853,2854,2855),(560,1,2856,2857,2858,2859),(561,1,2860,2861,2862,2863),(562,1,2864,2865,2866,2867),(563,1,2868,2869,2870,2871),(564,1,2872,2873,2874,2875),(565,1,2876,2877,2878,2879),(566,1,2880,2881,2882,2883),(567,1,2884,2885,2886,2887),(568,1,2888,2889,2890,2891),(569,1,2892,2893,2894,2895),(570,1,2896,2898,2900,2903),(571,1,2897,2899,2901,2902),(572,1,2904,2905,2906,2907),(573,1,2908,2909,2910,2911),(574,1,2912,2913,2914,2915),(575,1,2916,2917,2918,2919),(576,1,2920,2921,2922,2923),(577,1,2924,2925,2926,2927),(578,1,2928,2929,2930,2931),(579,1,2932,2933,2934,2935),(580,1,2936,2937,2938,2939),(581,1,2940,2941,2942,2943),(582,1,2944,2945,2946,2947),(583,1,2948,2949,2950,2951),(584,1,2952,2953,2954,2955),(585,1,2956,2957,2958,2959),(586,1,2960,2961,2962,2963),(587,1,2964,2965,2966,2967),(588,1,2968,2969,2970,2971),(589,1,2972,2973,2974,2975),(590,1,2976,2977,2978,2979),(591,1,2980,2981,2982,2983),(592,1,2984,2985,2986,2987),(593,1,2988,2989,2990,2991),(594,1,2992,2993,2994,2995),(595,1,2996,2997,2998,2999),(596,1,3000,3001,3002,3003),(597,1,3005,3007,3008,3010),(598,1,3004,3006,3009,3011),(599,1,3012,3014,3016,3018),(600,1,3013,3015,3017,3019),(601,1,3020,3021,3022,3023),(602,1,3024,3025,3026,3027),(603,1,3028,3029,3030,3031),(604,1,3032,3033,3034,3035),(605,1,3036,3037,3038,3039),(606,1,3040,3041,3042,3043),(607,1,3044,3045,3046,3047),(608,1,3048,3049,3050,3051),(609,1,3052,3053,3054,3055),(610,1,3056,3057,3058,3059),(611,1,3060,3061,3062,3063),(612,1,3064,3065,3066,3067),(613,1,3068,3069,3070,3071),(614,1,3072,3073,3074,3075),(615,1,3076,3077,3078,3079),(616,1,3080,3081,3082,3083),(617,1,3084,3085,3086,3087),(618,1,3088,3089,3090,3091),(619,1,3092,3093,3094,3095),(620,1,3096,3097,3098,3099),(621,1,3100,3101,3102,3103),(622,1,3104,3105,3106,3107),(623,1,3108,3109,3110,3111),(624,1,3112,3113,3114,3115),(625,1,3116,3117,3118,3119),(626,1,3120,3121,3122,3123),(627,1,3124,3125,3126,3127),(628,1,3128,3129,3130,3131),(629,1,3132,3133,3134,3135),(630,1,3136,3137,3138,3139),(631,1,3140,3141,3142,3143),(632,1,3144,3145,3146,3147),(633,1,3148,3149,3150,3151),(634,1,3152,3153,3154,3155),(635,1,3156,3157,3158,3159),(636,1,3160,3161,3162,3163),(637,1,3164,3165,3166,3167),(638,1,3168,3169,3170,3171),(639,1,3172,3173,3174,3175),(640,1,3176,3177,3178,3179),(641,1,3180,3181,3182,3183),(642,1,3184,3185,3186,3187),(643,1,3188,3189,3190,3191),(644,1,3192,3193,3194,3195),(645,1,3196,3197,3198,3199),(646,1,3200,3201,3202,3203),(647,1,3204,3205,3206,3207),(648,1,3208,3209,3210,3211),(649,1,3212,3213,3214,3215),(650,1,3216,3217,3218,3219),(651,1,3220,3221,3222,3223),(652,1,3224,3225,3226,3227),(653,1,3228,3229,3230,3231),(654,1,3232,3233,3234,3235),(655,1,3236,3237,3238,3239),(656,1,3240,3241,3242,3243),(657,1,3244,3245,3246,3247),(658,1,3248,3249,3250,3251),(659,1,3252,3253,3254,3255),(660,1,3256,3257,3258,3259),(661,1,3260,3261,3262,3263),(662,1,3264,3265,3266,3267),(663,1,3268,3269,3270,3271),(664,1,3272,3273,3274,3275),(665,1,3276,3277,3278,3279),(666,1,3280,3281,3282,3283),(667,1,3284,3285,3286,3287),(668,1,3288,3289,3290,3291),(669,1,3292,3293,3294,3295),(670,1,3296,3297,3298,3299),(671,1,3300,3301,3302,3303),(672,1,3304,3305,3306,3307),(673,1,3308,3309,3310,3311),(674,1,3312,3313,3314,3315),(675,1,3316,3317,3318,3319),(676,1,3320,3321,3322,3323),(677,1,3324,3325,3326,3327),(678,1,3328,3329,3330,3331),(679,1,3332,3333,3334,3335),(680,1,3336,3337,3338,3339),(681,1,3340,3341,3342,3343),(682,1,3344,3345,3346,3347),(683,1,3348,3349,3350,3351),(684,1,3352,3353,3354,3355),(685,1,3356,3357,3358,3359),(686,1,3360,3361,3362,3363),(687,1,3364,3365,3366,3367),(688,1,3368,3369,3370,3371),(689,1,3372,3373,3374,3375),(690,1,3376,3377,3378,3379),(691,1,3380,3381,3382,3383),(692,1,3384,3385,3386,3387),(693,1,3388,3389,3390,3391),(694,1,3392,3393,3394,3395),(695,1,3396,3397,3398,3399),(696,1,3400,3401,3402,3403),(697,1,3404,3405,3406,3407),(698,1,3408,3409,3410,3411),(699,1,3412,3413,3414,3415),(700,1,3416,3417,3418,3419),(701,1,3420,3421,3422,3423),(702,1,3424,3425,3426,3427),(703,1,3428,3429,3430,3431),(704,1,3432,3433,3434,3435),(705,1,3436,3437,3438,3439),(706,1,3440,3441,3442,3443),(707,1,3444,3445,3446,3447),(708,1,3448,3449,3450,3451),(709,1,3452,3453,3454,3455),(710,1,3456,3457,3458,3459),(711,1,3460,3461,3462,3463),(712,1,3464,3465,3466,3467),(713,1,3468,3469,3470,3471),(714,1,3472,3473,3474,3475),(715,1,3476,3477,3478,3479),(716,1,3480,3481,3482,3483),(717,1,3484,3485,3486,3487),(718,1,3488,3489,3490,3491),(719,1,3492,3493,3494,3495),(720,1,3496,3497,3498,3499),(721,1,3500,3501,3502,3503),(722,1,3504,3505,3506,3507),(723,1,3508,3509,3510,3511),(724,1,3512,3513,3514,3515),(725,1,3516,3517,3518,3519),(726,1,3520,3521,3522,3523),(727,1,3524,3525,3526,3527),(728,1,3528,3529,3530,3531),(729,1,3532,3533,3534,3535),(730,1,3536,3537,3538,3539),(731,1,3540,3541,3542,3543),(732,1,3544,3545,3546,3547),(733,1,3548,3549,3550,3551),(734,1,3552,3553,3554,3555),(735,1,3556,3557,3558,3559),(736,1,3560,3561,3562,3563),(737,1,3564,3565,3566,3567),(738,1,3568,3569,3570,3571),(739,1,3572,3573,3574,3575),(740,1,3576,3577,3578,3579),(741,1,3580,3581,3582,3583),(742,1,3584,3585,3586,3587),(743,1,3588,3589,3590,3591),(744,1,3592,3593,3594,3595),(745,1,3596,3597,3598,3599),(746,1,3600,3601,3602,3603),(747,1,3604,3605,3606,3607),(748,1,3608,3609,3610,3611),(749,1,3612,3613,3614,3615),(750,1,3616,3617,3618,3619),(751,1,3620,3621,3622,3623),(752,1,3624,3625,3626,3627),(753,1,3628,3629,3630,3631),(754,1,3632,3633,3634,3635),(755,1,3636,3637,3638,3639),(756,1,3640,3641,3642,3643),(757,1,3644,3645,3646,3647),(758,1,3648,3649,3650,3651),(759,1,3652,3653,3654,3655),(760,1,3656,3657,3658,3659),(761,1,3660,3661,3662,3663),(762,1,3664,3665,3666,3667),(763,1,3668,3669,3670,3671),(764,1,3672,3673,3674,3675),(765,1,3676,3677,3678,3679),(766,1,3680,3681,3682,3683),(767,1,3684,3685,3686,3687),(768,1,3688,3689,3690,3691),(769,1,3692,3693,3694,3695),(770,1,3696,3697,3698,3699),(771,1,3700,3701,3702,3703),(772,1,3704,3705,3706,3707),(773,1,3708,3709,3710,3711),(774,1,3712,3713,3714,3715),(775,1,3716,3717,3718,3719),(776,1,3720,3721,3722,3723),(777,1,3724,3725,3726,3727),(778,1,3728,3729,3730,3731),(779,1,3732,3733,3734,3735),(780,1,3736,3737,3738,3739),(781,1,3740,3741,3742,3743),(782,1,3744,3745,3746,3747),(783,1,3748,3749,3750,3751),(784,1,3752,3753,3754,3755),(785,1,3756,3757,3758,3759),(786,1,3760,3761,3762,3763),(787,1,3764,3765,3766,3767),(788,1,3768,3769,3770,3771),(789,1,3772,3773,3774,3775),(790,1,3776,3777,3778,3779),(791,1,3780,3781,3782,3783),(792,1,3784,3785,3786,3787),(793,1,3788,3789,3790,3791),(794,1,3792,3793,3794,3795),(795,1,3796,3797,3798,3799),(796,1,3800,3801,3802,3803),(797,1,3804,3805,3806,3808),(798,1,3807,3809,3810,3812),(799,1,3811,3813,3814,3816),(800,1,3815,3817,3818,3819),(801,1,3820,3821,3822,3823),(802,1,3824,3825,3826,3827),(803,1,3828,3829,3830,3831),(804,1,3832,3833,3834,3835),(805,1,3836,3837,3838,3839),(806,1,3840,3841,3842,3843),(807,1,3844,3845,3846,3847),(808,1,3848,3849,3850,3851),(809,1,3852,3853,3854,3855),(810,1,3856,3857,3858,3859),(811,1,3860,3861,3862,3863),(812,1,3864,3865,3866,3867),(813,1,3868,3869,3870,3871),(814,1,3872,3873,3874,3875),(815,1,3876,3877,3878,3879),(816,1,3880,3881,3882,3883),(817,1,3884,3885,3886,3887),(818,1,3888,3889,3890,3891),(819,1,3892,3893,3894,3895),(820,1,3896,3897,3898,3899),(821,1,3900,3901,3902,3903),(822,1,3904,3905,3906,3907),(823,1,3909,3910,3912,3914),(824,1,3908,3911,3913,3915),(825,1,3916,3917,3920,3922),(826,1,3918,3919,3921,3923),(827,1,3924,3926,3928,3930),(828,1,3925,3927,3929,3931),(829,1,3932,3935,3936,3938),(830,1,3933,3934,3937,3939),(831,1,3940,3942,3944,3946),(832,1,3941,3943,3945,3947),(833,1,3948,3949,3950,3951),(834,1,3952,3953,3954,3955),(835,1,3956,3957,3958,3959),(836,1,3960,3961,3962,3963),(837,1,3964,3965,3966,3967),(838,1,3968,3969,3970,3971),(839,1,3972,3973,3974,3975),(840,1,3976,3977,3978,3979),(841,1,3980,3981,3982,3983),(842,1,3984,3985,3986,3987),(843,1,3988,3989,3990,3991),(844,1,3992,3993,3994,3995),(845,1,3996,3997,3998,3999),(846,1,4000,4001,4002,4003),(847,1,4004,4005,4006,4007),(848,1,4008,4009,4010,4011),(849,1,4012,4013,4014,4015),(850,1,4016,4017,4018,4019),(851,1,4020,4021,4022,4023),(852,1,4024,4025,4026,4027),(853,1,4028,4029,4030,4031),(854,1,4032,4033,4034,4035),(855,1,4036,4037,4038,4039),(856,1,4040,4041,4042,4043),(857,1,4044,4045,4046,4047),(858,1,4048,4049,4050,4051),(859,1,4052,4053,4054,4055),(860,1,4056,4057,4058,4059),(861,1,4060,4061,4062,4063),(862,1,4064,4065,4066,4067),(863,1,4068,4069,4070,4071),(864,1,4072,4073,4074,4075),(865,1,4076,4077,4078,4079),(866,1,4080,4081,4082,4083),(867,1,4084,4085,4086,4087),(868,1,4088,4089,4090,4091),(869,1,4092,4093,4094,4095),(870,1,4096,4097,4098,4099),(871,1,4100,4101,4102,4103),(872,1,4104,4105,4106,4107),(873,1,4108,4109,4110,4111),(874,1,4112,4113,4114,4115),(875,1,4116,4117,4118,4119),(876,1,4120,4121,4122,4123),(877,1,4124,4125,4126,4127),(878,1,4128,4129,4130,4131),(879,1,4132,4133,4134,4135),(880,1,4136,4137,4138,4139),(881,1,4140,4141,4142,4143),(882,1,4144,4145,4146,4147),(883,1,4148,4149,4150,4151),(884,1,4152,4153,4154,4155),(885,1,4156,4157,4158,4159),(886,1,4160,4161,4162,4163),(887,1,4164,4165,4166,4167),(888,1,4168,4169,4170,4171),(889,1,4172,4173,4174,4175),(890,1,4176,4177,4178,4179),(891,1,4180,4181,4182,4183),(892,1,4184,4185,4186,4187),(893,1,4188,4189,4190,4191),(894,1,4192,4193,4194,4195),(895,1,4196,4197,4198,4199),(896,1,4200,4201,4202,4203),(897,1,4204,4205,4206,4207),(898,1,4208,4209,4210,4211),(899,1,4212,4213,4214,4215),(900,1,4216,4217,4218,4219),(901,1,4220,4221,4222,4223),(902,1,4224,4225,4226,4227),(903,1,4228,4229,4230,4231),(904,1,4232,4233,4234,4235),(905,1,4236,4237,4238,4239),(906,1,4240,4241,4242,4243),(907,1,4244,4245,4246,4247),(908,1,4248,4249,4250,4251),(909,1,4252,4253,4254,4255),(910,1,4256,4257,4258,4259),(911,1,4260,4261,4262,4263),(912,1,4264,4265,4266,4267),(913,1,4268,4269,4270,4271),(914,1,4272,4273,4274,4275),(915,1,4276,4277,4278,4279),(916,1,4280,4281,4282,4283),(917,1,4284,4285,4286,4287),(918,1,4288,4289,4290,4291),(919,1,4292,4293,4294,4295),(920,1,4296,4297,4298,4299),(921,1,4300,4301,4302,4303),(922,1,4304,4305,4306,4307),(923,1,4308,4309,4310,4311),(924,1,4312,4313,4314,4315),(925,1,4316,4317,4318,4319),(926,1,4320,4321,4322,4323),(927,1,4324,4325,4326,4327),(928,1,4328,4329,4330,4331),(929,1,4332,4333,4334,4335),(930,1,4336,4337,4338,4339),(931,1,4340,4341,4342,4343),(932,1,4344,4345,4346,4347),(933,1,4348,4349,4350,4351),(934,1,4352,4353,4354,4355),(935,1,4356,4357,4358,4359),(936,1,4360,4361,4362,4363),(937,1,4364,4365,4366,4367),(938,1,4368,4369,4370,4371),(939,1,4372,4373,4374,4375),(940,1,4376,4377,4378,4379),(941,1,4380,4381,4382,4383),(942,1,4384,4385,4386,4387),(943,1,4388,4389,4390,4391),(944,1,4392,4393,4394,4395),(945,1,4396,4397,4398,4399),(946,1,4400,4401,4402,4403),(947,1,4404,4405,4406,4407),(948,1,4408,4409,4410,4411),(949,1,4412,4413,4414,4415),(950,1,4416,4417,4418,4419),(951,1,4420,4421,4422,4423),(952,1,4424,4425,4426,4427),(953,1,4428,4429,4430,4431),(954,1,4432,4433,4434,4435),(955,1,4436,4437,4438,4439),(956,1,4440,4441,4442,4443),(957,1,4444,4445,4446,4447),(958,1,4448,4449,4450,4451),(959,1,4452,4453,4454,4455),(960,1,4456,4457,4458,4459),(961,1,4460,4461,4462,4463),(962,1,4464,4465,4466,4467),(963,1,4468,4469,4470,4471),(964,1,4472,4473,4474,4475),(965,1,4476,4477,4478,4479),(966,1,4480,4481,4482,4483),(967,1,4484,4485,4486,4487),(968,1,4488,4489,4490,4491),(969,1,4492,4493,4494,4495),(970,1,4496,4497,4498,4499),(971,1,4500,4501,4502,4503),(972,1,4504,4505,4506,4507),(973,1,4508,4509,4510,4511),(974,1,4512,4513,4514,4515),(975,1,4516,4517,4518,4519),(976,1,4520,4521,4522,4523),(977,1,4524,4525,4526,4527),(978,1,4528,4529,4530,4531),(979,1,4532,4533,4534,4535),(980,1,4536,4537,4538,4539),(981,1,4540,4541,4542,4543),(982,1,4544,4545,4546,4547),(983,1,4548,4549,4550,4551),(984,1,4552,4553,4554,4555),(985,1,4556,4557,4558,4559),(986,1,4560,4561,4562,4563),(987,1,4564,4565,4566,4567),(988,1,4568,4569,4570,4571),(989,1,4572,4573,4574,4575),(990,1,4576,4577,4578,4579),(991,1,4580,4581,4582,4583),(992,1,4584,4585,4586,4587),(993,1,4588,4589,4590,4591),(994,1,4592,4593,4594,4595),(995,1,4596,4597,4598,4599),(996,1,4600,4601,4602,4603),(997,1,4604,4605,4606,4607),(998,1,4608,4609,4610,4611),(999,1,4612,4613,4614,4615),(1000,1,4616,4617,4618,4619),(1001,1,4620,4621,4622,4623),(1002,1,4624,4625,4626,4627),(1003,1,4628,4629,4630,4631),(1004,1,4632,4633,4634,4635),(1005,1,4636,4637,4638,4639),(1006,1,4640,4641,4642,4643),(1007,1,4644,4645,4646,4647),(1008,1,4648,4649,4650,4651),(1009,1,4652,4653,4654,4655),(1010,1,4656,4657,4658,4659),(1011,1,4660,4661,4662,4663),(1012,1,4664,4665,4666,4667),(1013,1,4668,4669,4670,4671),(1014,1,4672,4673,4674,4675),(1015,1,4676,4677,4678,4679),(1016,1,4680,4681,4682,4683),(1017,1,4684,4685,4686,4687),(1018,1,4688,4689,4690,4691),(1019,1,4692,4693,4694,4695),(1020,1,4696,4697,4698,4699),(1021,1,4700,4701,4702,4703),(1022,1,4704,4705,4706,4707),(1023,1,4708,4709,4710,4711),(1024,1,4712,4713,4714,4715),(1025,1,4716,4717,4718,4719),(1026,1,4720,4721,4722,4723),(1027,1,4724,4725,4726,4727),(1028,1,4728,4729,4730,4731),(1029,1,4732,4733,4734,4735),(1030,1,4736,4737,4738,4739),(1031,1,4740,4741,4742,4743),(1032,1,4744,4745,4746,4747),(1033,1,4748,4749,4750,4751),(1034,1,4752,4753,4754,4755),(1035,1,4756,4757,4758,4759),(1036,1,4760,4761,4762,4763),(1037,1,4764,4765,4766,4767),(1038,1,4768,4769,4770,4771),(1039,1,4772,4773,4774,4775),(1040,1,4776,4777,4778,4779),(1041,1,4780,4781,4782,4784),(1042,1,4783,4785,4786,4788),(1043,1,4787,4789,4790,4792),(1044,1,4791,4793,4794,4796),(1045,1,4795,4797,4798,4800),(1046,1,4799,4801,4802,4804),(1047,1,4803,4805,4806,4807),(1048,1,4808,4809,4810,4811),(1049,1,4812,4813,4814,4815),(1050,1,4816,4817,4818,4819),(1051,1,4820,4821,4822,4823),(1052,1,4824,4825,4826,4827),(1053,1,4828,4829,4830,4831),(1054,1,4832,4833,4834,4835),(1055,1,4836,4837,4838,4839),(1056,1,4840,4841,4842,4843),(1057,1,4844,4845,4846,4847),(1058,1,4848,4849,4850,4851),(1059,1,4852,4853,4854,4855),(1060,1,4856,4857,4858,4859),(1061,1,4860,4861,4862,4863),(1062,1,4864,4865,4866,4867),(1063,1,4868,4869,4870,4871),(1064,1,4872,4873,4874,4875),(1065,1,4876,4877,4878,4879),(1066,1,4880,4881,4882,4883),(1067,1,4884,4885,4886,4887),(1068,1,4888,4889,4890,4891),(1069,1,4892,4893,4894,4895),(1070,1,4896,4897,4899,4901),(1071,1,4898,4900,4902,4903),(1072,1,4904,4905,4907,4909),(1073,1,4906,4908,4910,4911),(1074,1,4912,4913,4915,4917),(1075,1,4914,4916,4918,4919),(1076,1,4920,4921,4923,4925),(1077,1,4922,4924,4926,4927),(1078,1,4928,4929,4930,4933),(1079,1,4931,4932,4934,4936),(1080,1,4935,4937,4939,4941),(1081,1,4938,4940,4942,4944),(1082,1,4943,4945,4947,4949),(1083,1,4946,4948,4950,4951),(1084,1,4952,4953,4954,4956),(1085,1,4955,4957,4958,4959),(1086,1,4960,4961,4963,4965),(1087,1,4962,4964,4966,4967),(1088,1,4968,4969,4970,4971),(1089,1,4972,4973,4974,4975),(1090,1,4976,4977,4978,4979),(1091,1,4980,4981,4982,4983),(1092,1,4984,4985,4986,4987),(1093,1,4988,4989,4990,4991),(1094,1,4992,4993,4994,4995),(1095,1,4996,4997,4998,4999),(1096,1,5000,5001,5002,5003),(1097,1,5004,5005,5006,5007),(1098,1,5008,5010,5011,5013),(1099,1,5009,5012,5014,5015),(1100,1,5016,5018,5019,5021),(1101,1,5017,5020,5022,5023),(1102,1,5024,5026,5027,5030),(1103,1,5025,5028,5029,5031),(1104,1,5032,5033,5036,5037),(1105,1,5034,5035,5038,5039),(1106,1,5040,5041,5043,5045),(1107,1,5042,5044,5046,5047),(1108,1,5048,5049,5051,5053),(1109,1,5050,5052,5054,5055),(1110,1,5056,5057,5059,5061),(1111,1,5058,5060,5062,5063),(1112,1,5064,5065,5067,5069),(1113,1,5066,5068,5070,5071),(1114,1,5072,5074,5076,5078),(1115,1,5073,5075,5077,5079),(1116,1,5080,5082,5084,5086),(1117,1,5081,5083,5085,5087),(1118,1,5088,5090,5092,5094),(1119,1,5089,5091,5093,5095),(1120,1,5096,5098,5100,5102),(1121,1,5097,5099,5101,5103),(1122,1,5104,5106,5108,5110),(1123,1,5105,5107,5109,5111),(1124,1,5112,5114,5116,5118),(1125,1,5113,5115,5117,5119),(1126,1,5121,5123,5125,5126),(1127,1,5120,5122,5124,5127),(1128,1,5128,5131,5132,5134),(1129,1,5129,5130,5133,5135),(1130,1,5136,5137,5138,5139),(1131,1,5140,5141,5142,5143),(1132,1,5144,5145,5146,5147),(1133,1,5148,5149,5150,5151),(1134,1,5152,5153,5154,5155),(1135,1,5156,5157,5158,5159),(1136,1,5160,5161,5162,5163),(1137,1,5164,5165,5166,5168),(1138,1,5167,5169,5171,5173),(1139,1,5170,5172,5174,5175),(1140,1,5176,5177,5178,5180),(1141,1,5179,5181,5182,5184),(1142,1,5183,5185,5186,5188),(1143,1,5187,5189,5190,5191),(1144,1,5192,5193,5195,5197),(1145,1,5194,5196,5198,5199),(1146,1,5200,5201,5202,5204),(1147,1,5203,5205,5207,5209),(1148,1,5206,5208,5210,5211),(1149,1,5212,5214,5216,5217),(1150,1,5213,5215,5218,5219),(1151,1,5220,5222,5223,5225),(1152,1,5221,5224,5226,5227),(1153,1,5228,5229,5230,5232),(1154,1,5231,5233,5234,5237),(1155,1,5235,5236,5238,5239),(1156,1,5240,5241,5243,5245),(1157,1,5242,5244,5246,5247),(1158,1,5248,5249,5250,5253),(1159,1,5251,5252,5254,5256),(1160,1,5255,5257,5258,5260),(1161,1,5259,5261,5262,5263),(1162,1,5264,5265,5266,5267),(1163,1,5268,5269,5270,5271),(1164,1,5272,5273,5274,5275),(1165,1,5276,5277,5278,5279),(1166,1,5280,5281,5283,5285),(1167,1,5282,5284,5286,5287),(1168,1,5288,5289,5291,5293),(1169,1,5290,5292,5294,5295),(1170,1,5296,5297,5299,5301),(1171,1,5298,5300,5302,5303),(1172,1,5304,5305,5307,5309),(1173,1,5306,5308,5310,5311),(1174,1,5312,5313,5315,5317),(1175,1,5314,5316,5318,5319),(1176,1,5320,5321,5323,5325),(1177,1,5322,5324,5326,5327),(1178,1,5328,5329,5331,5333),(1179,1,5330,5332,5334,5335),(1180,1,5336,5337,5339,5341),(1181,1,5338,5340,5342,5343),(1182,1,5344,5345,5347,5349),(1183,1,5346,5348,5350,5351),(1184,1,5352,5353,5355,5357),(1185,1,5354,5356,5358,5359),(1186,1,5360,5361,5362,5364),(1187,1,5363,5365,5366,5368),(1188,1,5367,5369,5370,5372),(1189,1,5371,5373,5374,5376),(1190,1,5375,5377,5378,5380),(1191,1,5379,5381,5382,5384),(1192,1,5383,5385,5386,5388),(1193,1,5387,5389,5390,5392),(1194,1,5391,5393,5394,5395),(1195,1,5396,5397,5398,5399),(1196,1,5400,5401,5402,5403),(1197,1,5404,5405,5406,5407),(1198,1,5408,5409,5410,5411),(1199,1,5412,5413,5414,5415),(1200,1,5416,5417,5418,5419),(1201,1,5420,5421,5422,5423),(1202,1,5424,5425,5426,5427),(1203,1,5428,5429,5430,5431),(1204,1,5432,5433,5434,5435),(1205,1,5436,5437,5438,5439),(1206,1,5440,5441,5442,5443),(1207,1,5444,5445,5446,5447),(1208,1,5448,5449,5450,5451),(1209,1,5452,5453,5454,5456),(1210,1,5455,5457,5458,5460),(1211,1,5459,5461,5462,5464),(1212,1,5463,5465,5466,5469),(1213,1,5467,5468,5470,5471),(1214,1,5472,5473,5474,5477),(1215,1,5475,5476,5478,5479),(1216,1,5480,5481,5483,5485),(1217,1,5482,5484,5486,5487),(1218,1,5488,5489,5491,5493),(1219,1,5490,5492,5494,5495),(1220,1,5496,5497,5499,5501),(1221,1,5498,5500,5502,5504),(1222,1,5503,5505,5506,5507),(1223,1,5508,5509,5511,5513),(1224,1,5510,5512,5514,5515),(1225,1,5516,5517,5519,5521),(1226,1,5518,5520,5522,5523),(1227,1,5524,5525,5526,5527),(1228,1,5528,5529,5530,5531),(1229,1,5532,5533,5534,5535),(1230,1,5536,5537,5538,5539),(1231,1,5540,5541,5542,5543),(1232,1,5544,5545,5546,5547),(1233,1,5548,5549,5550,5551),(1234,1,5552,5553,5554,5555),(1235,1,5556,5557,5558,5559),(1236,1,5560,5561,5562,5563),(1237,1,5564,5565,5566,5567),(1238,1,5568,5569,5570,5571),(1239,1,5572,5573,5574,5575),(1240,1,5576,5577,5578,5579),(1241,1,5580,5581,5582,5583),(1242,1,5584,5585,5586,5587),(1243,1,5588,5589,5590,5591),(1244,1,5592,5593,5594,5595),(1245,1,5596,5597,5598,5599),(1246,1,5600,5601,5602,5603),(1247,1,5604,5605,5606,5607),(1248,1,5608,5609,5610,5611),(1249,1,5612,5613,5614,5615),(1250,1,5616,5617,5618,5619),(1251,1,5620,5621,5622,5623),(1252,1,5624,5625,5626,5627),(1253,1,5628,5629,5630,5631),(1254,1,5632,5633,5634,5635),(1255,1,5636,5637,5638,5639),(1256,1,5640,5641,5642,5643),(1257,1,5644,5645,5646,5647),(1258,1,5648,5649,5650,5651),(1259,1,5652,5653,5654,5655),(1260,1,5656,5657,5658,5659),(1261,1,5660,5661,5662,5663),(1262,1,5664,5665,5666,5667),(1263,1,5668,5669,5670,5671),(1264,1,5672,5673,5674,5675),(1265,1,5676,5677,5678,5679),(1266,1,5680,5681,5682,5683),(1267,1,5684,5685,5686,5687),(1268,1,5688,5689,5690,5691),(1269,1,5692,5693,5694,5695),(1270,1,5696,5697,5698,5699),(1271,1,5700,5701,5702,5703),(1272,1,5704,5705,5706,5707),(1273,1,5708,5709,5710,5711),(1274,1,5712,5713,5714,5715),(1275,1,5716,5717,5718,5719),(1276,1,5720,5721,5722,5723),(1277,1,5724,5725,5726,5727),(1278,1,5728,5729,5730,5731),(1279,1,5732,5733,5734,5735),(1280,1,5736,5737,5738,5739),(1281,1,5740,5741,5742,5743),(1282,1,5744,5745,5746,5747),(1283,1,5748,5749,5750,5751),(1284,1,5752,5753,5754,5755),(1285,1,5756,5757,5758,5759),(1286,1,5760,5761,5762,5763),(1287,1,5764,5765,5766,5767),(1288,1,5768,5769,5770,5771),(1289,1,5772,5773,5774,5775),(1290,1,5776,5777,5778,5779),(1291,1,5780,5781,5782,5783),(1292,1,5784,5785,5786,5787),(1293,1,5788,5789,5790,5791),(1294,1,5792,5793,5794,5795),(1295,1,5796,5797,5798,5799),(1296,1,5800,5801,5802,5803),(1297,1,5804,5805,5806,5807),(1298,1,5808,5809,5810,5811),(1299,1,5812,5813,5814,5815),(1300,1,5816,5817,5818,5819),(1301,1,5820,5821,5822,5823),(1302,1,5824,5825,5826,5827),(1303,1,5828,5829,5830,5831),(1304,1,5832,5833,5834,5835),(1305,1,5836,5837,5838,5839),(1306,1,5840,5841,5842,5843),(1307,1,5844,5845,5846,5847),(1308,1,5848,5849,5850,5851),(1309,1,5852,5853,5854,5855),(1310,1,5856,5857,5858,5859),(1311,1,5860,5861,5862,5863),(1312,1,5864,5865,5866,5867),(1313,1,5868,5869,5870,5871),(1314,1,5872,5873,5874,5875),(1315,1,5876,5877,5878,5879),(1316,1,5880,5881,5882,5883),(1317,1,5884,5885,5886,5887),(1318,1,5888,5889,5890,5891),(1319,1,5892,5893,5894,5895),(1320,1,5896,5897,5898,5899),(1321,1,5900,5901,5902,5903),(1322,1,5904,5905,5906,5907),(1323,1,5908,5909,5910,5911),(1324,1,5912,5913,5914,5915),(1325,1,5916,5917,5918,5919),(1326,1,5920,5921,5922,5923),(1327,1,5924,5925,5926,5927),(1328,1,5928,5929,5930,5931),(1329,1,5932,5933,5935,5937),(1330,1,5934,5936,5938,5939),(1331,1,5940,5941,5943,5946),(1332,1,5942,5944,5945,5947),(1333,1,5948,5949,5951,5953),(1334,1,5950,5952,5954,5955),(1335,1,5956,5957,5959,5961),(1336,1,5958,5960,5962,5963),(1337,1,5964,5965,5967,5969),(1338,1,5966,5968,5970,5971),(1339,1,5972,5973,5975,5977),(1340,1,5974,5976,5978,5979),(1341,1,5980,5981,5983,5985),(1342,1,5982,5984,5986,5987),(1343,1,5988,5989,5991,5993),(1344,1,5990,5992,5994,5995),(1345,1,5996,5997,5998,5999),(1346,1,6000,6001,6002,6003),(1347,1,6004,6005,6006,6007),(1348,1,6008,6009,6010,6011),(1349,1,6012,6013,6014,6015),(1350,1,6016,6017,6018,6019);
/*!40000 ALTER TABLE `Rectangle` ENABLE KEYS */;
UNLOCK TABLES;

--
-- Table structure for table `Source`
--

DROP TABLE IF EXISTS `Source`;
/*!40101 SET @saved_cs_client     = @@character_set_client */;
/*!40101 SET character_set_client = utf8 */;
CREATE TABLE `Source` (
  `SOURCE_ID` bigint(20) NOT NULL AUTO_INCREMENT,
  `type` varchar(255) DEFAULT NULL,
  `value` varchar(255) DEFAULT NULL,
  PRIMARY KEY (`SOURCE_ID`)
) ENGINE=InnoDB AUTO_INCREMENT=3 DEFAULT CHARSET=utf8;
/*!40101 SET character_set_client = @saved_cs_client */;

--
-- Dumping data for table `Source`
--

LOCK TABLES `Source` WRITE;
/*!40000 ALTER TABLE `Source` DISABLE KEYS */;
INSERT INTO `Source` VALUES (1,'m3u8','http://webcam.211.ru/camera54_6/index.m3u8'),(2,'m3u8','http://webcam.211.ru/camera54_14/index.m3u8');
/*!40000 ALTER TABLE `Source` ENABLE KEYS */;
UNLOCK TABLES;
/*!40103 SET TIME_ZONE=@OLD_TIME_ZONE */;

/*!40101 SET SQL_MODE=@OLD_SQL_MODE */;
/*!40014 SET FOREIGN_KEY_CHECKS=@OLD_FOREIGN_KEY_CHECKS */;
/*!40014 SET UNIQUE_CHECKS=@OLD_UNIQUE_CHECKS */;
/*!40101 SET CHARACTER_SET_CLIENT=@OLD_CHARACTER_SET_CLIENT */;
/*!40101 SET CHARACTER_SET_RESULTS=@OLD_CHARACTER_SET_RESULTS */;
/*!40101 SET COLLATION_CONNECTION=@OLD_COLLATION_CONNECTION */;
/*!40111 SET SQL_NOTES=@OLD_SQL_NOTES */;

-- Dump completed on 2016-03-21 18:23:38
